Batch,BTC-USD,SOL-USD,DOGE-USD,SHIB-USD,AVAX-USD,ADA-USD,DOT-USD,ETH-USD
0,24125.79,44.02,0.07649,0.00001614,27.81,0.5574,8.849,1901.82
1,24124.12,44.01,0.07648,0.00001613,27.78,0.5573,8.843,1901.82
2,24124.12,44.01,0.07648,0.00001613,27.78,0.5573,8.846,1901.65
3,24124.12,44.01,0.07646,0.00001613,27.78,0.5572,8.846,1901.54
4,24125.06,44.01,0.0765,0.00001613,27.79,0.5573,8.844,1901.47
5,24125.06,44.01,0.0765,0.00001613,27.78,0.5571,8.843,1901.6
6,24125.61,44.01,0.07651,0.00001612,27.78,0.5573,8.834,1901.61
7,24125.69,44.01,0.07652,0.00001612,27.79,0.5573,8.834,1901.63
8,24125.7,44.01,0.07652,0.00001613,27.78,0.5572,8.839,1901.74
9,24125.7,44.02,0.07652,0.00001612,27.78,0.5572,8.839,1901.77
10,24124.16,44.03,0.07653,0.00001613,27.77,0.5574,8.839,1901.61
11,24124.14,44.03,0.07652,0.00001613,27.75,0.5574,8.839,1901.61
12,24125.02,44.03,0.07652,0.00001613,27.78,0.5573,8.839,1901.58
13,24126.47,44.03,0.07652,0.00001613,27.78,0.5572,8.839,1901.49
14,24126.57,44.03,0.07652,0.00001613,27.78,0.5572,8.841,1901.5
15,24126.65,44.03,0.07653,0.00001614,27.78,0.5572,8.841,1901.69
16,24126.66,44.03,0.07653,0.00001614,27.79,0.5572,8.841,1901.52
17,24124.44,44.02,0.07654,0.00001613,27.79,0.5571,8.841,1901.52
18,24124.43,44.02,0.07654,0.00001614,27.78,0.557,8.841,1901.5
19,24123.75,44.02,0.07654,0.00001614,27.79,0.557,8.841,1901.4
20,24123.73,44.02,0.07655,0.00001614,27.79,0.557,8.841,1901.39
21,24123.64,44.01,0.07655,0.00001615,27.78,0.557,8.842,1901.5
22,24123.64,44.01,0.07655,0.00001615,27.76,0.557,8.844,1901.52
23,24123.55,44.01,0.07655,0.00001614,27.76,0.5571,8.845,1901.52
24,24123.55,44.01,0.07652,0.00001615,27.76,0.5571,8.845,1901.52
25,24124.88,44.03,0.07651,0.00001615,27.76,0.5569,8.845,1901.53
26,24124.88,44.03,0.07655,0.00001614,27.75,0.5569,8.841,1901.64
27,24125.67,44.03,0.07654,0.00001615,27.75,0.557,8.834,1901.48
28,24126.2,44.04,0.07654,0.00001615,27.74,0.5569,8.842,1901.47
29,24126.2,44.04,0.07654,0.00001615,27.74,0.5567,8.834,1901.47
30,24126.37,44.02,0.07654,0.00001615,27.75,0.5569,8.834,1901.6
31,24126.58,44.02,0.07655,0.00001616,27.75,0.5569,8.832,1901.61
32,24126.65,44.02,0.07655,0.00001616,27.75,0.5569,8.832,1901.89
33,24126.66,44,0.07653,0.00001616,27.75,0.5569,8.832,1902.13
34,24126.73,44,0.07654,0.00001616,27.75,0.557,8.832,1902.13
35,24126.71,44,0.07652,0.00001616,27.75,0.557,8.831,1902.15
36,24124.4,44,0.07652,0.00001616,27.75,0.557,8.831,1902.07
37,24126.2,44,0.07652,0.00001617,27.75,0.557,8.832,1901.92
38,24126.59,44,0.07652,0.00001616,27.74,0.5569,8.832,1901.92
39,24126.59,44,0.07651,0.00001615,27.74,0.5569,8.83,1902.35
40,24126.62,44,0.07651,0.00001616,27.74,0.5569,8.833,1902.05
41,24126.73,44,0.0765,0.00001616,27.74,0.5569,8.833,1901.87
42,24126.74,44,0.0765,0.00001616,27.74,0.557,8.836,1901.85
43,24124.42,44,0.0765,0.00001617,27.74,0.5568,8.835,1901.75
44,24124.42,44,0.07649,0.00001617,27.74,0.557,8.835,1901.69
45,24125.94,44,0.07648,0.00001617,27.75,0.557,8.835,1901.86
46,24128.59,44,0.07648,0.00001616,27.75,0.557,8.835,1901.74
47,24128.77,44,0.07645,0.00001616,27.74,0.557,8.835,1901.77
48,24124.86,44,0.07648,0.00001616,27.76,0.557,8.836,1901.77
49,24128.77,43.99,0.07648,0.00001615,27.76,0.557,8.835,1901.99
50,24124.96,43.99,0.07648,0.00001616,27.75,0.5569,8.83,1902.02
51,24124.92,43.99,0.07648,0.00001616,27.74,0.557,8.83,1901.88
52,24130,43.99,0.07648,0.00001616,27.73,0.5571,8.83,1901.87
53,24130.55,43.99,0.07646,0.00001616,27.73,0.5571,8.828,1901.86
54,24130.55,43.99,0.07642,0.00001617,27.73,0.5571,8.828,1901.95
55,24130.54,43.99,0.07643,0.00001617,27.73,0.5571,8.828,1901.99
56,24130.55,43.99,0.07643,0.00001617,27.73,0.5571,8.827,1902.06
57,24130.55,44,0.07643,0.00001616,27.73,0.5573,8.827,1902.16
58,24128.97,44,0.07644,0.00001616,27.73,0.5575,8.827,1902.11
59,24129.54,44,0.07643,0.00001616,27.73,0.5574,8.828,1901.94
60,24129.55,44.01,0.07643,0.00001617,27.73,0.5572,8.828,1901.91
61,24129.55,44,0.07643,0.00001616,27.75,0.5572,8.829,1902.12
62,24128.98,44,0.07643,0.00001616,27.73,0.5571,8.825,1902.12
63,24129.13,44,0.07644,0.00001616,27.73,0.5572,8.828,1902.15
64,24129.13,44.01,0.07644,0.00001617,27.72,0.5572,8.829,1902.15
65,24128.98,44.01,0.07646,0.00001616,27.72,0.5572,8.832,1902.15
66,24128.98,44.01,0.07645,0.00001616,27.72,0.5572,8.833,1902.25
67,24130.34,44.01,0.07646,0.00001616,27.71,0.5572,8.833,1902.32
68,24129.14,44,0.07646,0.00001616,27.72,0.5572,8.833,1902.47
69,24130.82,44.01,0.07648,0.00001615,27.72,0.5572,8.835,1902.07
70,24128.99,43.99,0.07649,0.00001615,27.71,0.5572,8.835,1902.07
71,24127.63,44.01,0.07649,0.00001615,27.71,0.5573,8.835,1902.35
72,24127.64,43.99,0.07649,0.00001615,27.71,0.5574,8.832,1902.39
73,24127.64,43.99,0.07652,0.00001615,,0.5574,8.832,1902.46
74,24127.63,43.98,0.07654,0.00001616,,0.5574,8.834,1902.46
75,24129.35,43.98,0.07654,0.00001616,,0.5572,8.833,1902.46
76,24129.34,43.98,0.07654,0.00001616,,0.5572,8.832,1902.56
77,24129.34,43.98,0.07652,0.00001616,,0.5572,8.831,1902.56
78,24131.38,43.98,0.07652,0.00001616,,0.5573,8.832,1902.56
79,24131.2,43.96,0.07649,0.00001615,,0.5574,8.831,1902.73
80,24131.21,43.98,0.07646,0.00001615,,0.5574,8.831,1902.74
81,24131.07,43.98,0.07646,0.00001615,,0.5574,8.831,1902.56
82,24131.14,43.98,0.07648,0.00001615,,0.5574,8.834,1902.8
83,24131.88,43.98,0.07645,0.00001615,,0.5574,8.834,1902.81
84,24131.88,43.98,0.07647,0.00001615,,0.5574,8.836,1902.82
85,24131.89,43.98,0.07648,0.00001615,,0.5572,,1902.56
86,24129.64,43.98,0.07648,0.00001615,,0.5572,,1902.25
87,24133.01,43.99,0.07649,0.00001615,,0.5572,,1902.49
88,24132.44,43.98,0.07653,0.00001615,,0.5574,,1902.25
89,24132.48,43.98,0.07648,0.00001615,,0.5574,,1902.05
90,24132.93,43.97,0.07652,0.00001615,,0.5572,,1902.05
91,24133.02,43.97,0.07648,0.00001615,,0.5572,,1902.05
92,24133.02,43.97,0.07647,0.00001615,,0.5574,,1902.24
93,24133.02,43.97,0.07646,0.00001614,,0.5574,,1902.24
94,24133.02,43.97,0.07644,0.00001615,,0.5573,,1902
95,24133.37,43.97,0.07644,0.00001614,,0.5571,,1902.11
96,24134.03,43.97,0.07644,0.00001615,,0.5568,,1902.12
97,24134.04,43.97,0.07643,0.00001614,,0.557,,1901.78
98,24134.17,43.97,0.07644,0.00001614,,0.557,,1901.79
99,24134.18,43.96,0.07644,0.00001614,,0.557,,1901.85
100,24134.22,43.99,0.07644,0.00001614,,0.557,,1901.76
101,24134.23,43.99,0.07644,0.00001614,,0.5567,,1901.86
102,24134.84,43.99,0.07644,0.00001614,,0.5569,,1902.05
103,24134.83,43.99,0.07643,0.00001614,,0.557,,1901.58
104,24135.08,44,0.07642,0.00001613,,0.5568,,1901.56
105,24135.09,44,0.07642,0.00001614,,0.5569,,1901.56
106,24135.1,44,0.07642,0.00001614,,0.5571,,1901.56
107,24135.1,44,0.07642,0.00001614,,0.557,,1901.55
108,24135.59,44,0.07641,0.00001613,,0.5571,,1901.55
109,24135.59,44,0.07645,0.00001614,,0.557,,1901.57
110,24135.75,44,0.07642,0.00001614,,0.557,,1901.57
111,24136.09,44,0.07641,0.00001615,,0.557,,1901.59
112,24134.82,44,0.07641,0.00001614,,0.5571,,1901.6
113,24136.09,44,0.0764,0.00001615,,0.5572,,1901.6
114,24136.7,44,0.0764,0.00001615,,0.5571,,1901.6
115,24137.31,44.01,0.07639,0.00001614,,0.5571,,1901.54
116,24137.65,44.01,0.07639,0.00001614,,0.5572,,1901.57
117,24135.56,44.02,0.0764,0.00001614,,0.5569,,1901.56
118,24135.56,44.02,0.0764,0.00001614,,0.5572,,1901.57
119,24135.57,44.04,0.0764,0.00001614,,0.5572,,1901.54
120,24135.58,44.02,0.0764,0.00001614,,0.5572,,1901.56
121,24135.58,44.03,0.0764,0.00001613,,0.557,,1901.54
122,24135.58,44.02,0.07643,0.00001614,,0.5572,,1901.78
123,24135.62,44.02,0.07643,0.00001614,,0.5572,,1901.79
124,24135.63,44.02,0.07644,0.00001614,,0.5571,,1901.89
125,24134.96,44,0.07646,0.00001614,,0.5571,,1901.81
126,24134.96,44,0.07646,0.00001615,,0.5571,,1901.88
127,24134.91,44,0.07644,0.00001615,,0.5571,,1901.88
128,24134.9,44.01,0.07644,0.00001614,,0.5568,,1901.63
129,24134.9,44.01,0.07646,0.00001614,,0.557,,1901.82
130,24134.9,44,0.07646,0.00001615,,0.5569,,1901.74
131,24134.9,44,0.07648,0.00001615,,0.557,,1901.75
132,24134.9,44,0.07649,0.00001615,,0.557,,1901.39
133,24134.9,44,0.07648,0.00001615,,0.557,,1901.29
134,24134.91,44,0.07648,0.00001615,,0.557,,1901.36
135,24134.91,44,0.0765,0.00001615,,0.5571,,1901.14
136,24137.53,44,0.07647,0.00001615,,0.5571,,1901.13
137,24137.47,44.01,0.07645,0.00001615,,0.5571,,1901.13
138,24134.9,43.99,0.07644,0.00001615,,0.5571,,1901.28
139,24136.85,43.99,0.07644,0.00001615,,0.557,,1901.28
140,24134.35,43.99,0.07645,0.00001615,,0.5569,,1901.14
141,24134.32,43.98,0.07643,0.00001615,,0.5569,,1901.13
142,24134.32,43.98,0.07645,0.00001615,,0.5567,,1901.13
143,24134.32,43.97,0.07645,0.00001615,,0.5566,,1901.43
144,24134.31,43.98,0.07647,0.00001615,,0.5568,,1901.24
145,24134.21,43.98,0.07645,0.00001615,,0.5568,,1901.24
146,24134.21,43.98,0.07641,0.00001615,,0.5568,,1901.24
147,24134.21,43.99,0.07642,0.00001615,,0.5568,,1901.07
148,24132.59,43.98,0.07642,0.00001615,,0.5566,,1900.76
149,24133.48,43.98,0.07643,0.00001616,,0.557,,1901.04
150,24131.72,43.98,0.07644,0.00001615,,0.557,,1901.05
151,24131.75,43.99,0.07646,0.00001615,,0.557,,1901.27
152,24131.8,43.99,0.07646,0.00001616,,0.5571,,1901.27
153,24132.82,44,0.07646,0.00001616,,0.557,,1900.92
154,24132.85,44,0.07646,0.00001616,,0.5571,,1901.24
155,24130.82,43.98,0.07646,0.00001616,,0.5571,,1901.24
156,24130.82,43.99,0.07642,0.00001616,,0.5569,,1901.23
157,24130.56,43.99,0.07643,0.00001616,,0.5569,,1901.23
158,24130.55,43.99,0.07643,0.00001615,,0.5569,,1901.25
159,24130.56,44,0.07643,0.00001615,,0.5569,,1901.25
160,24130.55,44,0.07643,0.00001616,,0.5568,,1901.47
161,24130.55,44,0.07643,0.00001615,,0.5569,,1901.38
162,24130.55,44,0.07643,0.00001616,,0.5569,,1901.35
163,24130.55,44,0.07641,0.00001616,,0.5567,,1901.38
164,24130.55,43.99,0.07642,0.00001615,,0.5566,,1901.38
165,24130.55,44,0.07642,0.00001615,,0.5568,,1901.2
166,24129.71,43.99,0.07642,0.00001616,,0.5569,,1901.39
167,24129.71,44,0.07641,0.00001615,,0.5569,,1901.38
168,24129.86,44,0.07641,0.00001615,,0.5569,,1901.2
169,24129.88,43.99,0.07641,0.00001616,,0.5568,,1901.2
170,24129.88,43.98,0.07641,0.00001615,,0.5568,,1901.28
171,24130.56,43.97,0.07641,0.00001615,,0.5568,,1901.22
172,24131.19,43.97,0.07641,0.00001615,,0.5569,,1901.27
173,24131.39,43.98,0.07641,0.00001616,,0.557,,1901.51
174,24131.19,43.98,0.07641,0.00001615,,0.557,,1901.32
175,24131.39,43.98,0.07641,0.00001615,,0.557,,1901.46
176,24130.87,43.98,0.07641,0.00001616,,0.5569,,1901.32
177,24130.66,43.98,0.07641,0.00001615,,0.5569,,1901.25
178,24130.68,43.98,0.07642,0.00001615,,0.5569,,1901.44
179,24130.75,43.97,0.0764,0.00001615,,0.5569,,1901.41
180,24130.75,43.97,0.0764,0.00001615,,0.5569,,1901.13
181,24130.65,43.97,0.07641,0.00001616,,,,1901.13
182,24130.77,43.97,0.07644,0.00001615,,,,1901.13
183,24130.77,43.97,0.07644,0.00001615,,,,1901.04
184,24131.1,43.97,0.07641,0.00001615,,,,1901.33
185,24131.09,43.97,0.07639,0.00001615,,,,1901.36
186,24131.09,43.97,0.07641,0.00001615,,,,1901.36
187,24131.1,43.97,,0.00001615,,,,1901.35
188,24131.98,43.97,,0.00001615,,,,1901.35
189,24132.22,43.97,,0.00001615,,,,1901.36
190,24132.22,43.97,,0.00001615,,,,1901.37
191,24133.83,43.96,,0.00001615,,,,1901.17
192,24132.9,43.95,,0.00001615,,,,1901.14
193,24130.38,43.95,,0.00001615,,,,1901.29
194,24130.37,43.95,,0.00001615,,,,1901.37
195,24130.23,43.95,,0.00001615,,,,1901.47
196,24130.22,43.95,,0.00001615,,,,1901.49
197,24130.22,43.96,,0.00001615,,,,1901.5
198,24131.18,43.96,,0.00001615,,,,1901.57
199,24130.39,43.97,,0.00001615,,,,1901.58
200,24130.38,43.96,,0.00001615,,,,1901.58
201,24130.38,43.97,,0.00001615,,,,1901.18
202,24129.83,43.97,,0.00001615,,,,1901.06
203,24127.52,43.97,,0.00001615,,,,1901.25
204,24127.5,43.97,,0.00001615,,,,1900.94
205,24127.5,43.97,,0.00001615,,,,1901.1
206,24127.47,43.97,,0.00001615,,,,1901.08
207,24127.34,43.98,,0.00001615,,,,1900.95
208,24127.34,43.99,,0.00001616,,,,1900.94
209,24127.34,43.99,,0.00001615,,,,1900.94
210,24130.34,43.99,,0.00001615,,,,1900.91
211,24129.61,44,,0.00001615,,,,1901.06
212,24129.6,43.99,,0.00001615,,,,1901.05
213,24129.59,43.99,,0.00001615,,,,1900.88
214,24129.59,43.99,,0.00001616,,,,1901.06
215,24129.6,44,,0.00001616,,,,1901.02
216,24130.34,44,,0.00001615,,,,1901.04
217,24130.34,44,,0.00001615,,,,1900.89
218,24130.75,44,,0.00001615,,,,1900.89
219,24130.34,44,,0.00001615,,,,1900.69
220,24130.34,44,,0.00001615,,,,1900.71
221,24131.43,44,,0.00001615,,,,1900.51
222,24131.36,44,,0.00001615,,,,1900.49
223,24131.43,44,,0.00001615,,,,1900.49
224,24131.6,44.01,,0.00001615,,,,1900.49
225,24131.6,44.01,,0.00001615,,,,1900.49
226,24131.65,44.01,,0.00001615,,,,1900.5
227,24131.89,44.01,,0.00001615,,,,1900.56
228,24131.89,44.01,,0.00001615,,,,1900.56
229,24131.31,43.99,,0.00001614,,,,1900.51
230,24129.97,43.99,,0.00001614,,,,1900.56
231,24129.96,44,,0.00001614,,,,1900.51
232,24129.93,43.99,,0.00001614,,,,1900.51
233,24130.68,43.99,,0.00001614,,,,1900.5
234,24129.98,44,,0.00001614,,,,1900.5
235,24129.97,43.99,,0.00001614,,,,1900.51
236,24129.97,43.99,,0.00001614,,,,1900.51
237,24129.99,43.99,,0.00001614,,,,1900.51
238,24129.98,43.99,,0.00001614,,,,1900.51
239,24129.79,43.99,,0.00001614,,,,1900.51
240,24129.78,43.98,,0.00001614,,,,1900.51
241,24129.99,43.98,,0.00001614,,,,1900.51
242,24129.78,43.98,,0.00001614,,,,1900.51
243,24129.77,43.98,,0.00001613,,,,1900.67
244,24130.01,43.96,,0.00001613,,,,1900.68
245,24130,43.96,,0.00001614,,,,1900.69
246,24129.78,43.96,,0.00001613,,,,1900.73
247,24129.4,43.96,,0.00001613,,,,1900.74
248,24128.97,43.96,,0.00001613,,,,1900.74
249,24128.93,43.96,,0.00001613,,,,1900.75
250,24129.36,43.96,,0.00001613,,,,1900.75
251,24129.32,43.96,,0.00001613,,,,1900.75
252,24129.33,43.96,,0.00001613,,,,1900.76
253,24129.39,43.97,,0.00001612,,,,1900.76
254,24128.97,43.97,,0.00001613,,,,1900.76
255,24127.88,43.97,,0.00001613,,,,1900.77
256,24129.38,43.97,,0.00001613,,,,1900.51
257,24129.33,43.98,,0.00001613,,,,1900.51
258,24129.32,43.97,,0.00001613,,,,1900.51
259,24129.31,43.97,,0.00001613,,,,1900.52
260,24128.97,43.96,,0.00001613,,,,1900.64
261,24128.97,43.96,,0.00001613,,,,1900.83
262,24129.03,43.97,,0.00001613,,,,1900.83
263,24128.97,43.97,,0.00001613,,,,1900.84
264,24128.98,43.97,,0.00001613,,,,1900.85
265,24128.8,43.97,,0.00001613,,,,1900.86
266,24127.67,43.97,,0.00001613,,,,1900.87
267,24128.56,43.98,,0.00001614,,,,1900.87
268,24128.56,43.97,,0.00001614,,,,1900.67
269,24127.78,43.97,,0.00001614,,,,1900.65
270,24127.74,43.97,,0.00001614,,,,1900.65
271,24127.67,43.98,,0.00001614,,,,1900.74
272,24127.66,43.98,,0.00001615,,,,1900.74
273,24127.99,43.97,,0.00001615,,,,1900.65
274,24127.78,43.98,,0.00001613,,,,1900.5
275,24127.69,43.98,,0.00001613,,,,1900.5
276,24127.68,44,,0.00001614,,,,1900.39
277,24127.68,44,,0.00001614,,,,1900.68
278,24127.69,44,,0.00001614,,,,1900.76
279,24127.68,44,,0.00001615,,,,1900.79
280,24128.62,44.01,,0.00001614,,,,1900.78
281,24127.69,44.01,,0.00001614,,,,1900.58
282,24127.55,44.01,,0.00001613,,,,1900.51
283,24128,44.01,,0.00001614,,,,1900.52
284,24127.99,44.02,,0.00001613,,,,1900.53
285,24128.27,44.03,,0.00001613,,,,1900.55
286,24127.7,44.04,,0.00001614,,,,1900.57
287,24127.69,44.04,,0.00001613,,,,1900.56
288,24127.14,44.02,,0.00001613,,,,1900.57
289,24127.14,44.01,,0.00001613,,,,1900.52
290,24127.14,44.01,,0.00001612,,,,1900.51
291,24127.14,44.01,,0.00001613,,,,1900.41
292,24127.11,44.01,,0.00001613,,,,1900.38
293,24124.09,44.01,,0.00001613,,,,1900.53
294,24123.39,44.01,,0.00001612,,,,1900.53
295,24125.1,44.01,,0.00001613,,,,1900.39
296,24124.77,44.01,,0.00001613,,,,1900.43
297,24123.25,44,,0.00001613,,,,1900.43
298,24123.25,44,,0.00001613,,,,1900.42
299,24124.1,44,,0.00001613,,,,1900.37
300,24124.1,44,,0.00001613,,,,1900.37
301,24122.96,43.99,,0.00001613,,,,1900.36
302,24122.96,43.99,,0.00001613,,,,1900.38
303,24122.96,43.99,,0.00001613,,,,1900.43
304,24122.97,43.99,,0.00001614,,,,1900.42
305,24124.36,43.99,,0.00001614,,,,1900.38
306,24124.37,43.99,,0.00001613,,,,1900.5
307,24124.77,43.99,,0.00001612,,,,1900.51
308,24122.99,44,,0.00001613,,,,1900.36
309,24125.31,43.99,,0.00001614,,,,1900.36
310,24125.31,43.99,,0.00001613,,,,1900.37
311,24123.02,43.99,,0.00001613,,,,1900.41
312,24123.12,44,,0.00001613,,,,1900.45
313,24123.1,44,,0.00001614,,,,1900.44
314,24123.09,44,,0.00001613,,,,1900.26
315,24123.07,44,,0.00001613,,,,1900.36
316,24123.02,43.99,,0.00001613,,,,1900.63
317,24123,43.99,,0.00001614,,,,1900.36
318,24122.99,43.99,,0.00001614,,,,1900.35
319,24122.97,43.98,,0.00001614,,,,1900.35
320,24122.96,43.98,,0.00001613,,,,1900.59
321,24122.13,43.98,,0.00001613,,,,1900.35
322,24124.54,43.98,,0.00001613,,,,1900.36
323,24124.58,43.99,,0.00001613,,,,1900.28
324,24122.29,43.99,,0.00001614,,,,1900.44
325,24122.17,44.01,,0.00001614,,,,1900.41
326,24122.15,43.99,,0.00001614,,,,1900.54
327,24122.13,43.98,,0.00001614,,,,1900.54
328,24122.18,43.98,,0.00001614,,,,1900.55
329,24121.52,43.98,,0.00001615,,,,1900.56
330,24121.52,43.98,,0.00001615,,,,1900.63
331,24120.78,43.98,,0.00001614,,,,1900.44
332,24120.26,43.99,,0.00001613,,,,1900.6
333,24120.25,43.99,,0.00001614,,,,1900.63
334,24120.88,43.98,,0.00001613,,,,1900.64
335,24120.88,43.98,,0.00001614,,,,1900.65
336,24120.89,43.98,,0.00001613,,,,1900.7
337,24120.91,43.97,,0.00001614,,,,1900.78
338,24120.88,43.97,,0.00001613,,,,1900.8
339,24120.88,43.98,,0.00001614,,,,1901.01
340,24121.44,44,,0.00001614,,,,1900.83
341,24123.67,43.98,,0.00001614,,,,1900.83
342,24123.67,44,,0.00001615,,,,1901.01
343,24123.67,43.99,,0.00001614,,,,1900.98
344,24123.92,43.99,,0.00001614,,,,1901.01
345,24122.29,43.99,,0.00001614,,,,1901.01
346,24122.28,43.99,,0.00001614,,,,1900.85
347,24122.28,43.99,,0.00001614,,,,1900.84
348,24122.25,43.99,,0.00001614,,,,1900.86
349,24121.74,43.99,,0.00001614,,,,1900.82
350,24121.72,44,,0.00001615,,,,1900.93
351,24121.67,44,,0.00001614,,,,1900.82
352,24120.93,43.99,,0.00001615,,,,1900.85
353,24120.41,43.97,,0.00001615,,,,1900.92
354,24120.41,43.97,,0.00001615,,,,1900.83
355,24120.41,43.97,,0.00001615,,,,1900.82
356,24119.07,43.97,,0.00001615,,,,1900.82
357,24119.03,43.98,,0.00001615,,,,1900.82
358,24119.66,43.98,,0.00001615,,,,1900.82
359,24119.66,,,0.00001615,,,,1900.82
360,24119.64,,,0.00001615,,,,1900.82
361,24119.46,,,0.00001615,,,,1900.83
362,24119.37,,,0.00001615,,,,1900.82
363,24119.37,,,0.00001615,,,,1900.82
364,24122.24,,,0.00001615,,,,1900.82
365,24122.25,,,0.00001615,,,,1900.82
366,24120.12,,,0.00001615,,,,1900.83
367,24122.24,,,0.00001615,,,,1900.99
368,24122.24,,,0.00001615,,,,1900.95
369,24119.9,,,0.00001615,,,,1900.96
370,24119.91,,,0.00001614,,,,1900.96
371,24121.96,,,0.00001614,,,,1901.16
372,24121.95,,,0.00001615,,,,1900.85
373,24119.91,,,0.00001615,,,,1901.12
374,24119.91,,,0.00001615,,,,1900.96
375,24121.85,,,0.00001615,,,,1901.03
376,24121.77,,,0.00001615,,,,1900.82
377,24119.93,,,0.00001615,,,,1900.82
378,24120.63,,,0.00001614,,,,1900.82
379,24120.63,,,0.00001615,,,,1901.17
380,24118.68,,,0.00001615,,,,1901.17
381,24118.68,,,0.00001615,,,,1901.17
382,24116.84,,,0.00001615,,,,1901.17
383,24116.85,,,0.00001615,,,,1901.17
384,24116.83,,,0.00001615,,,,1901.02
385,24115.99,,,0.00001615,,,,1901.01
386,24119.61,,,0.00001615,,,,1901.02
387,24116.79,,,0.00001615,,,,1901.03
388,24119.23,,,0.00001615,,,,1900.91
389,24119.26,,,0.00001615,,,,1900.92
390,24119.22,,,0.00001615,,,,1901.01
391,24120.13,,,0.00001614,,,,1901.02
392,24119.28,,,0.00001614,,,,1901.05
393,24119.2,,,0.00001613,,,,1901.07
394,24119.2,,,0.00001613,,,,1901.04
395,24118.23,,,0.00001613,,,,1901.03
396,24118.06,,,0.00001614,,,,1901.21
397,24119.2,,,0.00001614,,,,1901.25
398,24119.27,,,0.00001615,,,,1901.25
399,24118.23,,,0.00001615,,,,1901.15
400,24118.09,,,0.00001615,,,,1901.15
401,24118.26,,,0.00001614,,,,1901.14
402,24120.07,,,0.00001614,,,,1901.14
403,24118.44,,,0.00001615,,,,1901.26
404,24118.36,,,0.00001615,,,,1901.27
405,24118.29,,,0.00001614,,,,1901.27
406,24119.42,,,0.00001615,,,,1901.31
407,24118.46,,,0.00001614,,,,1901.34
408,24118.45,,,0.00001615,,,,1901.28
409,24119.58,,,0.00001615,,,,1901.42
410,24119.6,,,0.00001615,,,,1901.34
411,24119.6,,,0.00001615,,,,1901.33
412,24119.61,,,0.00001615,,,,1901.32
413,24119.61,,,0.00001615,,,,1901.32
414,24119.65,,,0.00001616,,,,1901.32
415,24119.65,,,0.00001614,,,,1901.31
416,24119.68,,,0.00001615,,,,1901.31
417,24119.69,,,0.00001613,,,,1901.31
418,24119.72,,,0.00001614,,,,1901.3
419,24119.76,,,0.00001614,,,,1901.3
420,24120.87,,,0.00001614,,,,1901.35
421,24120.88,,,0.00001614,,,,1901.39
422,24120.87,,,0.00001615,,,,1901.39
423,24120.87,,,0.00001614,,,,1901.39
424,24120.76,,,0.00001615,,,,1901.35
425,24117.57,,,0.00001615,,,,1901.29
426,24117.57,,,0.00001615,,,,1901.17
427,24120.66,,,0.00001614,,,,1901.02
428,24120.73,,,0.00001615,,,,1901.33
429,24120.42,,,0.00001615,,,,1901.3
430,24120.41,,,0.00001615,,,,1901.3
431,24120.44,,,0.00001616,,,,1901.18
432,24120.45,,,0.00001615,,,,1901.16
433,24120.52,,,0.00001615,,,,1901.15
434,24120.53,,,0.00001615,,,,1901.26
435,24120.76,,,0.00001616,,,,1901.29
436,24121.32,,,0.00001615,,,,1901.29
437,24121.66,,,0.00001615,,,,1901.14
438,24121.79,,,0.00001616,,,,1901.26
439,24121.81,,,0.00001616,,,,1901.16
440,24122.18,,,0.00001615,,,,1901.28
441,24122.39,,,0.00001615,,,,1901.29
442,24122.41,,,0.00001615,,,,1901.29
443,24123.14,,,0.00001615,,,,1901.26
444,24123.27,,,0.00001615,,,,1901.35
445,24123.81,,,0.00001615,,,,1901.36
446,24123.87,,,0.00001616,,,,1901.36
447,24124.21,,,0.00001615,,,,1901.36
448,24124.86,,,0.00001616,,,,1901.41
449,24125.2,,,0.00001615,,,,1901.44
450,24125.21,,,0.00001615,,,,1901.39
451,24122.35,,,0.00001615,,,,1901.26
452,24122.33,,,0.00001616,,,,1901.16
453,24124.67,,,0.00001616,,,,1901.15
454,24124.3,,,0.00001616,,,,1901.14
455,24124.23,,,0.00001617,,,,1901.14
456,24123.86,,,0.00001617,,,,1900.97
457,24122.38,,,0.00001616,,,,1900.97
458,24122.37,,,0.00001617,,,,1901.18
459,24122.33,,,0.00001617,,,,1901.17
460,24122.2,,,0.00001617,,,,1901.17
461,24122.05,,,0.00001616,,,,1901.18
462,24122,,,0.00001616,,,,1901.18
463,24121.9,,,0.00001615,,,,1901.21
464,24121.88,,,0.00001615,,,,1901.24
465,24121.54,,,0.00001616,,,,1901.23
466,24121.54,,,0.00001615,,,,1901.22
467,24121.41,,,0.00001616,,,,1901.38
468,24124.35,,,0.00001616,,,,1901.38
469,24124.64,,,0.00001616,,,,1901.12
470,24124.67,,,0.00001615,,,,1901.07
471,24125.21,,,0.00001616,,,,1901.07
472,24124.34,,,0.00001616,,,,1900.98
473,24124.33,,,0.00001616,,,,1901.14
474,24122.68,,,0.00001616,,,,1901.11
475,24121.41,,,0.00001616,,,,1901.12
476,24121.41,,,0.00001616,,,,1901.23
477,24124.43,,,0.00001616,,,,1901.23
478,24124.37,,,0.00001616,,,,1901.27
479,24124.08,,,0.00001616,,,,1901.01
480,24122.47,,,0.00001616,,,,1900.86
481,24122.47,,,0.00001616,,,,1900.82
482,24126.38,,,0.00001616,,,,1900.82
483,24125.74,,,0.00001617,,,,1900.75
484,24125.74,,,0.00001616,,,,1900.74
485,24126.2,,,0.00001615,,,,1900.69
486,24126.09,,,0.00001616,,,,1900.68
487,24126.05,,,0.00001616,,,,1900.67
488,24126.02,,,0.00001615,,,,1901.04
489,24125.73,,,0.00001615,,,,1901.12
490,24125.74,,,0.00001615,,,,1901.11
491,24125.74,,,0.00001614,,,,1901.12
492,24125.77,,,0.00001614,,,,1901.12
493,24125.74,,,0.00001615,,,,1900.94
494,24122.84,,,0.00001614,,,,1900.89
495,24126.76,,,0.00001614,,,,1901.11
496,24127.05,,,0.00001614,,,,1900.9
497,24128.55,,,0.00001613,,,,1901.08
498,24128.56,,,0.00001613,,,,1900.9
499,24128.57,,,0.00001614,,,,1901.08
500,24125.63,,,0.00001613,,,,1901.07
501,24125.62,,,0.00001613,,,,1901.07
502,24125.52,,,0.00001613,,,,1901.02
503,24125.43,,,0.00001613,,,,1901.01
504,24125.43,,,0.00001613,,,,1901.11
505,24127.02,,,0.00001613,,,,1901.11
506,24127.02,,,0.00001614,,,,1901.12
507,24127.03,,,0.00001614,,,,1901.12
508,24124.33,,,0.00001614,,,,1901.19
509,24124.33,,,0.00001614,,,,1901.19
510,24124.32,,,0.00001615,,,,1901.2
511,24124.15,,,0.00001615,,,,1901.2
512,24127.02,,,0.00001615,,,,1901.21
513,24128.16,,,0.00001615,,,,1901.21
514,24128.17,,,0.00001615,,,,1901.22
515,24128.19,,,0.00001616,,,,1901.22
516,24124.21,,,0.00001615,,,,1901.22
517,24124.21,,,0.00001615,,,,1901.24
518,24124.2,,,0.00001615,,,,1901.25
519,24124.19,,,0.00001616,,,,1901.26
520,24124.17,,,0.00001616,,,,1901.28
521,24126.85,,,0.00001616,,,,1901.37
522,24128.04,,,0.00001616,,,,1901.38
523,24127.55,,,0.00001616,,,,1901.38
524,24124.29,,,0.00001616,,,,1901.58
525,24124.29,,,0.00001617,,,,1901.58
526,24124.32,,,0.00001617,,,,1901.58
527,24127.43,,,0.00001617,,,,1901.62
528,24127.43,,,0.00001617,,,,1901.67
529,24127.39,,,0.00001617,,,,1901.69
530,24127.43,,,0.00001617,,,,1901.69
531,24127.36,,,0.00001617,,,,1901.69
532,24127.37,,,0.00001617,,,,1901.66
533,24127.17,,,0.00001617,,,,1901.65
534,24124.75,,,0.00001617,,,,1901.67
535,24125.6,,,0.00001617,,,,1901.66
536,24122.3,,,0.00001617,,,,1901.72
537,24122.3,,,0.00001617,,,,1901.73
538,24122.3,,,0.00001617,,,,1901.74
539,24124.77,,,0.00001617,,,,1901.91
540,24124.76,,,0.00001618,,,,1901.94
541,24124.8,,,0.00001617,,,,1901.83
542,24124.75,,,0.00001618,,,,1901.82
543,24124.74,,,0.00001618,,,,1901.78
544,24125.5,,,0.00001619,,,,1901.93
545,24125.49,,,0.00001619,,,,1901.97
546,24122.64,,,0.00001619,,,,1901.97
547,24125.46,,,0.00001619,,,,1901.98
548,24125.45,,,0.0000162,,,,1901.98
549,24125.44,,,0.0000162,,,,1901.84
550,24125.44,,,0.0000162,,,,1902
551,24125.19,,,0.0000162,,,,1902.16
552,24122.92,,,0.0000162,,,,1902.24
553,24122.92,,,0.0000162,,,,1902.28
554,24122.82,,,0.0000162,,,,1902.28
555,24120.48,,,0.0000162,,,,1902.29
556,24121.16,,,0.0000162,,,,1902.3
557,24121.16,,,0.0000162,,,,1902.31
558,24121.19,,,0.0000162,,,,1902.22
559,24121.8,,,0.00001619,,,,1902.22
560,24121.8,,,0.00001619,,,,1902.22
561,24121.84,,,0.00001619,,,,1902.22
562,24121.84,,,0.00001619,,,,1902.36
563,24121.98,,,0.00001619,,,,1902.35
564,24121.98,,,0.00001619,,,,1902.48
565,24122.17,,,0.00001619,,,,1902.45
566,24122.22,,,0.00001619,,,,1902.53
567,24122.59,,,0.00001618,,,,1902.87
568,24122.61,,,0.00001617,,,,1902.58
569,24122.69,,,0.00001618,,,,1902.57
570,24122.74,,,0.00001618,,,,1902.57
571,24122.8,,,0.00001618,,,,1902.55
572,24123.77,,,0.00001618,,,,1902.55
573,24123.78,,,0.00001619,,,,1902.37
574,24123.78,,,0.00001619,,,,1902.37
575,24123.79,,,0.00001617,,,,1902.36
576,24123.79,,,0.00001617,,,,1902.65
577,24123.79,,,0.00001618,,,,1902.65
578,24124.08,,,0.00001618,,,,1902.63
579,24124.09,,,0.00001618,,,,1902.76
580,24124.2,,,0.00001618,,,,1902.59
581,24124.21,,,0.00001618,,,,1902.57
582,24124.24,,,0.00001617,,,,1902.57
583,24124.27,,,0.00001617,,,,1902.69
584,24124.38,,,0.00001617,,,,1902.57
585,24124.88,,,0.00001617,,,,1902.43
586,24125.24,,,0.00001618,,,,1902.42
587,24125.43,,,0.00001618,,,,1902.57
588,24126.44,,,0.00001618,,,,1902.57
589,24126.58,,,0.00001618,,,,1902.42
590,24126.59,,,0.00001618,,,,1902.57
591,24126.74,,,0.00001617,,,,1902.57
592,24126.75,,,0.00001617,,,,1902.57
593,24127.72,,,0.00001616,,,,1902.57
594,24127.73,,,0.00001616,,,,1902.35
595,24127.74,,,0.00001616,,,,1902.05
596,24127.87,,,0.00001616,,,,1902.11
597,24128.06,,,0.00001617,,,,1902.09
598,24128.07,,,0.00001616,,,,1902.09
599,24125.92,,,0.00001617,,,,1902.01
600,24125.26,,,0.00001616,,,,1902.01
601,24125.23,,,0.00001616,,,,1901.81
602,24121.41,,,0.00001617,,,,1901.82
603,24121.41,,,0.00001616,,,,1901.68
604,24121.4,,,0.00001616,,,,1901.68
605,24123.01,,,0.00001616,,,,1901.94
606,24123.01,,,0.00001615,,,,1901.94
607,24122.65,,,0.00001615,,,,1902.06
608,24119.84,,,0.00001615,,,,1902.07
609,24119.81,,,0.00001615,,,,1902.07
610,24119.81,,,0.00001615,,,,1902.08
611,24119.81,,,0.00001615,,,,1902.08
612,24119.81,,,0.00001615,,,,1902.05
613,24119.78,,,0.00001616,,,,1901.97
614,24119.35,,,0.00001616,,,,1901.96
615,24122.51,,,0.00001617,,,,1901.91
616,24122.54,,,0.00001617,,,,1901.9
617,24122.22,,,0.00001617,,,,1901.89
618,24122.19,,,0.00001617,,,,1901.88
619,24122.19,,,0.00001617,,,,1901.88
620,24122.2,,,0.00001618,,,,1901.92
621,24122.07,,,0.00001618,,,,1901.99
622,24119.91,,,0.00001618,,,,1902.01
623,24119.86,,,0.00001618,,,,1902.02
624,24118.46,,,0.00001619,,,,1902.02
625,24121.13,,,0.00001618,,,,1902.12
626,24121.8,,,0.00001618,,,,1902.02
627,24122.19,,,0.00001619,,,,1902.02
628,24122.17,,,0.00001618,,,,1902.02
629,24120.12,,,0.00001618,,,,1902.03
630,24122.74,,,0.00001618,,,,1902.01
631,24122.53,,,0.00001618,,,,1902.18
632,24122.97,,,0.00001618,,,,1902.03
633,24123,,,0.00001619,,,,1902.01
634,24121.36,,,0.00001619,,,,1902.01
635,24121.68,,,0.00001619,,,,1902
636,24121.7,,,0.00001619,,,,1901.82
637,24119.66,,,0.0000162,,,,1901.81
638,24119.55,,,0.0000162,,,,1901.79
639,24119.67,,,0.0000162,,,,1901.96
640,24121.8,,,0.0000162,,,,1902.04
641,24121.67,,,0.00001619,,,,1901.82
642,24119.59,,,0.00001619,,,,1901.75
643,24119.59,,,0.00001618,,,,1901.44
644,24121.21,,,0.00001618,,,,1901.44
645,24121.66,,,0.00001618,,,,1901.5
646,24121.66,,,0.00001618,,,,1901.45
647,24121.67,,,0.00001618,,,,1901.44
648,24119.74,,,0.00001618,,,,1901.69
649,24119.6,,,0.00001618,,,,1901.69
650,24119.58,,,0.00001617,,,,1901.45
651,24119.58,,,0.00001617,,,,1901.38
652,24119.58,,,0.00001616,,,,1901.35
653,24119.76,,,0.00001617,,,,1901.34
654,24122.31,,,0.00001617,,,,1901.33
655,24121.33,,,0.00001617,,,,1901.25
656,24121.91,,,0.00001616,,,,1901.58
657,24121.94,,,0.00001616,,,,1901.59
658,24120.03,,,0.00001615,,,,1901.27
659,24119.76,,,0.00001615,,,,1901.27
660,24121.87,,,0.00001615,,,,1901.66
661,24121.87,,,0.00001615,,,,1901.36
662,24121.87,,,0.00001616,,,,1901.44
663,24119.88,,,0.00001616,,,,1901.32
664,24119.89,,,0.00001615,,,,1901.2
665,24121.14,,,0.00001615,,,,1901.2
666,24120.5,,,0.00001615,,,,1901.2
667,24120.49,,,0.00001616,,,,1901.19
668,24120.27,,,0.00001614,,,,1901.19
669,24120.27,,,0.00001614,,,,1901.01
670,24120.26,,,0.00001614,,,,1901.51
671,24122.11,,,0.00001615,,,,1901.51
672,24122.12,,,0.00001615,,,,1901.45
673,24120.1,,,0.00001615,,,,1901.28
674,24119,,,0.00001615,,,,1901.53
675,24121.97,,,0.00001615,,,,1901.5
676,24121.98,,,0.00001616,,,,1901.5
677,24119.62,,,0.00001615,,,,1901.59
678,24119.61,,,0.00001615,,,,1901.54
679,24119.88,,,0.00001615,,,,1901.57
680,24119.88,,,0.00001615,,,,1901.5
681,24119.87,,,0.00001615,,,,1901.26
682,24121.97,,,0.00001614,,,,1901.16
683,24121.98,,,0.00001614,,,,1901.16
684,24123.5,,,0.00001615,,,,1901.07
685,24119.95,,,0.00001614,,,,1901
686,24120.78,,,0.00001614,,,,1900.99
687,24120.54,,,0.00001614,,,,1901.04
688,24120.21,,,0.00001615,,,,1901.07
689,24120.21,,,0.00001614,,,,1901.06
690,24119.95,,,0.00001615,,,,1900.88
691,24120.22,,,0.00001615,,,,1900.81
692,24119.85,,,0.00001614,,,,1900.78
693,24119.85,,,0.00001615,,,,1900.88
694,24119.73,,,0.00001615,,,,1900.91
695,24119.96,,,0.00001616,,,,1900.95
696,24119.73,,,0.00001615,,,,1900.99
697,24120.23,,,0.00001615,,,,1901.04
698,24120.23,,,0.00001616,,,,1901.06
699,24120.23,,,0.00001616,,,,1901.07
700,24119.55,,,0.00001615,,,,1901.07
701,24120.77,,,0.00001616,,,,1900.93
702,24120.77,,,0.00001616,,,,1901.17
703,24120.78,,,0.00001614,,,,1900.93
704,24122.14,,,0.00001615,,,,1900.92
705,24122.29,,,0.00001615,,,,1901.09
706,24123.48,,,0.00001615,,,,1900.89
707,24123.46,,,0.00001615,,,,1901.04
708,24123.46,,,0.00001615,,,,1900.9
709,24123.46,,,0.00001615,,,,1900.91
710,24125.1,,,0.00001615,,,,1900.92
711,24124.48,,,0.00001614,,,,1900.94
712,24126.11,,,0.00001614,,,,1900.94
713,24126.1,,,0.00001613,,,,1901.18
714,24128.35,,,0.00001613,,,,1901.19
715,24126.54,,,0.00001613,,,,1901.21
716,24127.14,,,0.00001614,,,,1901.2
717,24126.54,,,0.00001614,,,,1901.19
718,24127.92,,,0.00001613,,,,1900.99
719,24127.93,,,0.00001613,,,,1900.86
720,24127.93,,,0.00001613,,,,1900.83
721,24125.26,,,0.00001614,,,,1900.83
722,24126.53,,,0.00001614,,,,1900.79
723,24126.54,,,0.00001614,,,,1901.12
724,24126.92,,,0.00001614,,,,1901.12
725,24126.91,,,0.00001614,,,,1901.12
726,24126.92,,,0.00001614,,,,1901.14
727,24126.92,,,0.00001614,,,,1901.15
728,24126.92,,,0.00001614,,,,1901.2
729,24126.04,,,0.00001614,,,,1901.21
730,24126.1,,,0.00001615,,,,1901.22
731,24126.07,,,0.00001615,,,,1901.22
732,24127.97,,,0.00001615,,,,1901.31
733,24127.97,,,0.00001615,,,,1900.87
734,24125.85,,,0.00001614,,,,1901.06
735,24125.79,,,0.00001615,,,,1901.06
736,24125.85,,,0.00001615,,,,1901.15
737,24127.65,,,0.00001615,,,,1901.02
738,24127.65,,,0.00001616,,,,1900.99
739,24127.59,,,0.00001615,,,,1901.11
740,24126.18,,,0.00001616,,,,1901.13
741,24126.18,,,0.00001616,,,,1901.13
742,24125.74,,,0.00001616,,,,1901.14
743,24127.2,,,0.00001616,,,,1901.15
744,24127.21,,,0.00001616,,,,1901.15
745,24127.2,,,0.00001616,,,,1901.25
746,24127.21,,,0.00001616,,,,1901.26
747,24127.5,,,0.00001615,,,,1901.26
748,24130.55,,,0.00001615,,,,1901.26
749,24126.96,,,0.00001615,,,,1901.27
750,24127.1,,,0.00001615,,,,1901.27
751,24130.41,,,0.00001615,,,,1901.28
752,24130.44,,,0.00001616,,,,1901.28
753,24130.54,,,0.00001615,,,,1901.29
754,24130.56,,,0.00001616,,,,1901.03
755,24130.09,,,0.00001616,,,,1901.1
756,24130.09,,,0.00001615,,,,1901.1
757,24130.79,,,0.00001615,,,,1901.1
758,24128.56,,,0.00001615,,,,1901.08
759,24128.56,,,0.00001614,,,,1901.07
760,24128.56,,,0.00001614,,,,1901.16
761,24128.56,,,0.00001614,,,,1901.1
762,24128.53,,,0.00001614,,,,1901.17
763,24128.53,,,0.00001614,,,,1901.12
764,24128.52,,,0.00001614,,,,1901.13
765,24129.58,,,0.00001614,,,,1901.13
766,24129.67,,,0.00001614,,,,1901.12
767,24129.03,,,0.00001613,,,,1901.22
768,24129.8,,,0.00001613,,,,1901.24
769,24130.33,,,0.00001612,,,,1901.25
770,24129.34,,,0.00001612,,,,1901.12
771,24127.34,,,0.00001612,,,,1901.1
772,24127.33,,,0.00001612,,,,1901.22
773,24127.33,,,0.00001611,,,,1901.2
774,24127.34,,,0.00001611,,,,1901.18
775,24127.28,,,0.00001611,,,,1901.18
776,24125.46,,,0.00001611,,,,1901.26
777,24125.46,,,0.00001611,,,,1900.98
778,24127.63,,,0.0000161,,,,1901.2
779,24127.63,,,0.0000161,,,,1901.09
780,24127.68,,,0.0000161,,,,1901.1
781,24127.67,,,0.0000161,,,,1901.16
782,24129.01,,,0.0000161,,,,1901.17
783,24129.02,,,0.0000161,,,,1901.16
784,24129.08,,,0.0000161,,,,1901.17
785,24129.1,,,0.00001609,,,,1901.3
786,24126.34,,,0.00001609,,,,1901.31
787,24129.16,,,0.00001609,,,,1901.31
788,24129.16,,,0.00001609,,,,1901.32
789,24129.32,,,0.00001609,,,,1901.32
790,24129.34,,,0.00001609,,,,1901.48
791,24129.35,,,0.00001609,,,,1901.56
792,24129.35,,,0.00001609,,,,1901.33
793,24129.16,,,0.0000161,,,,1901.49
794,24129.16,,,0.0000161,,,,1901.32
795,24129.16,,,0.0000161,,,,1901.22
796,24129.35,,,0.00001609,,,,1901.09
797,24129.98,,,0.00001609,,,,1901.35
798,24129.97,,,0.00001609,,,,1901.1
799,24129.72,,,0.00001609,,,,1901.1
800,24129.8,,,0.0000161,,,,1901.09
801,24129.8,,,0.0000161,,,,1901.07
802,24130.23,,,0.0000161,,,,1901.06
803,24130.41,,,0.00001611,,,,1901.39
804,24130.56,,,0.00001611,,,,1901.28
805,24130.56,,,0.00001611,,,,1901.31
806,24130.58,,,0.00001611,,,,1901.33
807,24129.77,,,0.00001611,,,,1901.33
808,24129.8,,,0.00001611,,,,1901.08
809,24127.81,,,0.00001611,,,,1901.07
810,24127.81,,,0.00001612,,,,1901.08
811,24127.82,,,0.00001612,,,,1901.08
812,24127.79,,,0.00001612,,,,1901.07
813,24127.78,,,0.00001612,,,,1901.28
814,24127.78,,,0.00001612,,,,1901.28
815,24127.53,,,0.00001612,,,,1901.32
816,24129.35,,,0.00001612,,,,1901.34
817,24129.35,,,0.00001612,,,,1901.35
818,24129.36,,,0.00001612,,,,1901.4
819,24129.35,,,0.00001612,,,,1901.43
820,24129.35,,,0.00001611,,,,1901.44
821,24129.36,,,0.00001611,,,,1901.45
822,24129.37,,,0.00001611,,,,1901.49
823,24129.36,,,0.00001611,,,,1901.5
824,24129.35,,,0.00001611,,,,1901.22
825,24127.43,,,0.00001611,,,,1901.15
826,24127.37,,,0.00001612,,,,1901.1
827,24127.36,,,0.00001612,,,,1901.1
828,24127.31,,,0.00001612,,,,1901.03
829,24129.35,,,0.00001612,,,,1901.04
830,24129.35,,,0.00001612,,,,1901
831,24128.09,,,0.00001613,,,,1900.98
832,24128.09,,,0.00001612,,,,1900.98
833,24127.71,,,0.00001611,,,,1901.14
834,24127.72,,,0.00001612,,,,1901.1
835,24127.71,,,0.00001612,,,,1901.1
836,24129.19,,,0.00001611,,,,1901.1
837,24129.2,,,0.00001611,,,,1901.12
838,24126.76,,,0.00001611,,,,1901.12
839,24126.75,,,0.00001611,,,,1901.13
840,24126.72,,,0.00001611,,,,1901.28
841,24128.64,,,0.00001612,,,,1901.09
842,24128.61,,,0.0000161,,,,1901.18
843,24128.6,,,0.0000161,,,,1900.99
844,24126.8,,,0.0000161,,,,1900.98
845,24129.64,,,0.0000161,,,,1900.83
846,24129.6,,,0.0000161,,,,1900.83
847,24129.45,,,0.00001609,,,,1900.83
848,24129.38,,,0.00001609,,,,1900.8
849,24129.41,,,0.00001609,,,,1901.07
850,24129.63,,,0.00001609,,,,1901.14
851,24130.28,,,0.0000161,,,,1901.1
852,24130.29,,,0.0000161,,,,1901.11
853,24130.14,,,0.0000161,,,,1901.11
854,24130.14,,,0.00001611,,,,1901.11
855,24130.29,,,0.0000161,,,,1901.11
856,24130.29,,,0.00001611,,,,1901.12
857,24130.29,,,0.00001611,,,,1901.14
858,24127.46,,,0.0000161,,,,1901.12
859,24129.95,,,0.00001611,,,,1901.03
860,24130.27,,,0.00001611,,,,1901.13
861,24127.68,,,0.00001611,,,,1901.04
862,24127.57,,,0.0000161,,,,1901.03
863,24129.3,,,0.00001611,,,,1900.99
864,24129.31,,,0.0000161,,,,1900.99
865,24128.87,,,0.00001611,,,,1900.88
866,24128.87,,,0.0000161,,,,1900.84
867,24128.87,,,0.0000161,,,,1900.81
868,24128.87,,,0.0000161,,,,1900.8
869,24128.88,,,0.0000161,,,,1901.03
870,24129.27,,,0.0000161,,,,1901.03
871,24129.34,,,0.0000161,,,,1901.03
872,24129.49,,,0.0000161,,,,1901.03
873,24129.49,,,0.0000161,,,,1900.59
874,24129.49,,,0.0000161,,,,1900.57
875,24129.49,,,0.0000161,,,,1900.53
876,24129.49,,,0.0000161,,,,1900.49
877,24127.48,,,0.0000161,,,,1900.53
878,24127.47,,,0.00001611,,,,1900.54
879,24127,,,0.0000161,,,,1900.54
880,24129.89,,,0.0000161,,,,1900.56
881,24129.89,,,0.0000161,,,,1900.56
882,24129.5,,,0.0000161,,,,1900.56
883,24129.03,,,0.0000161,,,,1900.55
884,24127.13,,,0.0000161,,,,1900.53
885,24127.05,,,0.00001609,,,,1900.53
886,24129.81,,,0.00001609,,,,1900.35
887,24129.49,,,0.00001609,,,,1900.03
888,24129.8,,,0.00001609,,,,1900.01
889,24129.81,,,0.00001609,,,,1900
890,24129.81,,,0.00001609,,,,1899.99
891,24130.5,,,0.00001608,,,,1900.04
892,24130.5,,,0.00001609,,,,1900.04
893,24130.84,,,0.00001609,,,,1900.03
894,24130.84,,,0.00001609,,,,1899.85
895,24130.47,,,0.00001609,,,,1899.86
896,24131.31,,,0.0000161,,,,1899.81
897,24131.84,,,0.00001609,,,,1899.96
898,24132.23,,,0.00001609,,,,1899.99
899,24132.24,,,0.00001609,,,,1900
900,24131.9,,,0.00001609,,,,1900.03
901,24131.9,,,0.00001609,,,,1900.04
902,24131.9,,,0.0000161,,,,1900.14
903,24132.49,,,0.00001609,,,,1899.91
904,24132.77,,,0.00001609,,,,1899.9
905,24133.26,,,0.00001608,,,,1899.98
906,24134.46,,,0.00001608,,,,1899.99
907,24134.46,,,0.00001608,,,,1899.93
908,24134.41,,,0.00001608,,,,1899.91
909,24131.4,,,0.00001608,,,,1899.72
910,24131.21,,,0.00001608,,,,1900.05
911,24133.65,,,0.00001608,,,,1899.73
912,24133.66,,,0.00001608,,,,1899.73
913,24133.69,,,0.00001608,,,,1899.7
914,24134.09,,,0.00001608,,,,1899.51
915,24134.41,,,0.00001608,,,,1899.96
916,24135.49,,,0.00001608,,,,1899.97
917,24135.69,,,0.00001608,,,,1900.15
918,24135.7,,,0.00001609,,,,1900.02
919,24136.58,,,0.00001608,,,,1900.03
920,24136.6,,,0.00001608,,,,1900.04
921,24136.81,,,0.00001608,,,,1900.04
922,24132.48,,,0.00001608,,,,1900.04
923,24132.32,,,0.00001608,,,,1900.11
924,24133.21,,,0.00001608,,,,1900
925,24133.19,,,0.00001609,,,,1899.82
926,24133.19,,,0.00001609,,,,1899.81
927,24131.56,,,0.0000161,,,,1899.81
928,24133.59,,,0.00001609,,,,1899.9
929,24133.53,,,0.0000161,,,,1899.9
930,24133.58,,,0.0000161,,,,1899.68
931,24133.59,,,0.0000161,,,,1899.59
932,24133.69,,,0.0000161,,,,1899.59
933,24131.51,,,0.0000161,,,,1899.35
934,24130.38,,,0.0000161,,,,1899.34
935,24133.25,,,0.0000161,,,,1899.6
936,24133.25,,,0.0000161,,,,1899.34
937,24133.26,,,0.0000161,,,,1899.36
938,24133.45,,,0.0000161,,,,1899.35
939,24133.42,,,0.00001611,,,,1899.35
940,24133.17,,,0.00001611,,,,1899.45
941,24133.2,,,0.00001612,,,,1899.31
942,24133.17,,,0.00001611,,,,1899.32
943,24135.01,,,0.00001609,,,,1899.32
944,24135.01,,,0.0000161,,,,1899.32
945,24135.01,,,0.00001609,,,,1899.32
946,24136.45,,,0.0000161,,,,1899.31
947,24135.99,,,0.0000161,,,,1899.48
948,24135.86,,,0.0000161,,,,1899.3
949,24135.86,,,0.00001609,,,,1899.3
950,24135.89,,,0.00001609,,,,1899.39
951,24135.89,,,0.00001608,,,,1899.21
952,24135.89,,,0.00001608,,,,1899.21
953,24136.37,,,0.00001608,,,,1899.31
954,24136.45,,,0.00001608,,,,1899.1
955,24136.5,,,0.00001608,,,,1899.21
956,24136.51,,,0.00001607,,,,1899.21
957,24136.56,,,0.00001607,,,,1899.32
958,24135.86,,,0.00001607,,,,1899.32
959,24137.53,,,0.00001607,,,,1899.33
960,24137.66,,,0.00001607,,,,1899.33
961,24137.94,,,0.00001607,,,,1899.33
962,24138.3,,,0.00001607,,,,1899.34
963,24138.95,,,0.00001608,,,,1899.14
964,24139.23,,,0.00001609,,,,1899.13
965,24139.24,,,0.00001607,,,,1899.16
966,24137.53,,,0.00001607,,,,1899.15
967,24138.34,,,0.00001607,,,,1899.14
968,24139.23,,,0.00001607,,,,1899.15
969,24138.44,,,0.00001606,,,,1899.15
970,24138.44,,,0.00001607,,,,1899.15
971,24138.9,,,0.00001607,,,,1899.15
972,24139.9,,,0.00001607,,,,1898.81
973,24138.27,,,0.00001607,,,,1898.84
974,24138.61,,,0.00001607,,,,1898.91
975,24138.61,,,0.00001607,,,,1898.92
976,24138.41,,,0.00001608,,,,1898.88
977,24139.89,,,0.00001607,,,,1898.8
978,24139.9,,,0.00001607,,,,1898.85
979,24139.9,,,0.00001607,,,,1898.85
980,24139.91,,,0.00001607,,,,1899.14
981,24139.91,,,0.00001607,,,,1899.19
982,24140.06,,,0.00001608,,,,1898.97
983,24138.88,,,0.00001608,,,,1899
984,24139.88,,,0.00001609,,,,1898.99
985,24137.86,,,0.00001609,,,,1899
986,24137.84,,,0.00001609,,,,1898.92
987,24137.82,,,0.00001608,,,,1898.92
988,24137.81,,,0.00001609,,,,1898.8
989,24139.64,,,0.00001609,,,,1898.89
990,24139.64,,,0.00001609,,,,1899
991,24139.46,,,0.00001609,,,,1898.79
992,24139.51,,,0.00001609,,,,1898.6
993,24139.52,,,0.00001609,,,,1898.59
994,24139.59,,,0.00001608,,,,1898.41
995,24139.6,,,0.00001608,,,,1898.4
996,24137.22,,,0.00001609,,,,1898.41
997,24137.22,,,0.00001609,,,,1898.4
998,24137.24,,,0.00001609,,,,1898.48
999,24137.25,,,0.0000161,,,,1898.48
1000,24137.06,,,0.00001609,,,,1898.48
1001,24137.05,,,0.00001609,,,,1898.48
1002,24137.05,,,0.00001608,,,,1898.48
1003,24134.17,,,0.00001607,,,,1898.44
1004,24134.07,,,0.00001607,,,,1898.49
1005,24134.24,,,0.00001606,,,,1898.45
1006,24134.25,,,0.00001607,,,,1898.53
1007,24134.25,,,0.00001608,,,,1898.48
1008,24134.31,,,0.00001608,,,,1898.45
1009,24134.43,,,0.00001609,,,,1898.44
1010,24134.55,,,0.00001609,,,,1898.74
1011,24134.57,,,0.00001609,,,,1898.74
1012,24135.58,,,0.00001609,,,,1898.73
1013,24135.81,,,0.00001608,,,,1898.53
1014,24135.93,,,0.00001608,,,,1898.53
1015,24135.99,,,0.00001608,,,,1898.53
1016,24136.11,,,0.00001607,,,,1898.5
1017,24136.23,,,0.00001607,,,,1898.58
1018,24136.65,,,0.00001606,,,,1898.58
1019,24136.75,,,0.00001606,,,,1898.53
1020,24136.82,,,0.00001606,,,,1898.54
1021,24136.85,,,0.00001605,,,,1898.53
1022,24137,,,0.00001605,,,,1898.71
1023,24137.1,,,0.00001605,,,,1898.73
1024,24137.16,,,0.00001606,,,,1898.84
1025,24137.31,,,0.00001607,,,,1898.84
1026,24137.32,,,0.00001607,,,,1898.56
1027,24137.43,,,0.00001607,,,,1898.55
1028,24137.45,,,0.00001607,,,,1898.56
1029,24137.74,,,0.00001607,,,,1898.53
1030,24137.75,,,0.00001607,,,,1898.53
1031,24135.39,,,0.00001606,,,,1898.54
1032,24135.39,,,0.00001606,,,,1898.68
1033,24135.33,,,0.00001605,,,,1898.68
1034,24135.33,,,0.00001606,,,,1898.68
1035,24135.23,,,0.00001604,,,,1898.84
1036,24135.23,,,0.00001606,,,,1898.57
1037,24135.24,,,0.00001606,,,,1898.54
1038,24135.54,,,0.00001606,,,,1898.53
1039,24135.45,,,,,,,1898.52
1040,24135.49,,,,,,,1898.41
1041,24135.48,,,,,,,1898.4
1042,24135.49,,,,,,,1898.4
1043,24135.82,,,,,,,1898.4
1044,24133.66,,,,,,,1898.39
1045,24133.57,,,,,,,1898.39
1046,24131.99,,,,,,,1898.38
1047,24135.74,,,,,,,1898.38
1048,24135.75,,,,,,,1898.38
1049,24133.03,,,,,,,1898.37
1050,24132.99,,,,,,,1898.37
1051,24132.97,,,,,,,1898.37
1052,24132.79,,,,,,,1898.36
1053,24132.4,,,,,,,1898.4
1054,24131.45,,,,,,,1898.42
1055,24130.15,,,,,,,1898.5
1056,24129.34,,,,,,,1898.46
1057,24129.24,,,,,,,1898.35
1058,24131.31,,,,,,,1898.38
1059,24130.17,,,,,,,1898.35
1060,24130.17,,,,,,,1898.35
1061,24131.59,,,,,,,1898.28
1062,24132.3,,,,,,,1898.28
1063,24132.34,,,,,,,1898.26
1064,24132.29,,,,,,,1898.31
1065,24132.31,,,,,,,1898.31
1066,24132.29,,,,,,,1898.62
1067,24132.29,,,,,,,1898.62
1068,24132.3,,,,,,,1898.7
1069,24132.33,,,,,,,1898.75
1070,24132.34,,,,,,,1898.81
1071,24132.35,,,,,,,1898.84
1072,24133.72,,,,,,,1898.84
1073,24133.67,,,,,,,1898.84
1074,24133.67,,,,,,,1898.47
1075,24133.72,,,,,,,1898.47
1076,24133.71,,,,,,,1898.47
1077,24133.71,,,,,,,1898.45
1078,24130.52,,,,,,,1898.44
1079,24130.51,,,,,,,1898.36
1080,24128.31,,,,,,,1898.36
1081,24128.3,,,,,,,1898.35
1082,24128.3,,,,,,,1898.35
1083,24128.32,,,,,,,1898.33
1084,24127.3,,,,,,,1898.33
1085,24127.16,,,,,,,1898.33
1086,24127.15,,,,,,,1898.33
1087,24127.15,,,,,,,1898.32
1088,24127.14,,,,,,,1898.29
1089,24127.14,,,,,,,1898.27
1090,24129.25,,,,,,,1898.27
1091,24129.25,,,,,,,1898.26
1092,24129.3,,,,,,,1898.26
1093,24130.38,,,,,,,1898.5
1094,24130.38,,,,,,,1898.46
1095,24130.39,,,,,,,1898.26
1096,24131.35,,,,,,,1898.38
1097,24131.36,,,,,,,1898.33
1098,24128.2,,,,,,,1898.29
1099,24128.2,,,,,,,1898.33
1100,24127.6,,,,,,,1898.33
1101,24126.94,,,,,,,1898.16
1102,24126.93,,,,,,,1898.13
1103,24126.38,,,,,,,1898.11
1104,24129.65,,,,,,,1898.14
1105,24130.33,,,,,,,1898.14
1106,24130.34,,,,,,,1898.17
1107,24130.76,,,,,,,1898.18
1108,24130.76,,,,,,,1898.03
1109,24130.79,,,,,,,1898.03
1110,24130.85,,,,,,,1898.03
1111,24130.86,,,,,,,1898
1112,24130.87,,,,,,,1898.04
1113,24131,,,,,,,1898
1114,24131.02,,,,,,,1897.99
1115,24131.27,,,,,,,1898.19
1116,24131.27,,,,,,,1898
1117,24131.51,,,,,,,1898.01
1118,24132.1,,,,,,,1898.01
1119,24130.85,,,,,,,1898
1120,24130.86,,,,,,,1898.02
1121,24129.75,,,,,,,1897.88
1122,24129.72,,,,,,,1897.88
1123,24129.72,,,,,,,1897.88
1124,24129.95,,,,,,,1897.85
1125,24129.81,,,,,,,1897.85
1126,24129.79,,,,,,,1897.86
1127,24129.98,,,,,,,1897.83
1128,24129.98,,,,,,,1897.83
1129,24129.98,,,,,,,1897.77
1130,24129.73,,,,,,,1897.74
1131,24129.74,,,,,,,1897.77
1132,24129.74,,,,,,,1897.85
1133,24129.74,,,,,,,1897.94
1134,24129.75,,,,,,,1897.95
1135,24131.14,,,,,,,1898.15
1136,24131.15,,,,,,,1898.24
1137,24129.89,,,,,,,1897.95
1138,24129.86,,,,,,,1897.95
1139,24129.87,,,,,,,1898.08
1140,24129.86,,,,,,,1898.12
1141,24130.76,,,,,,,1898.14
1142,24129.45,,,,,,,1898.15
1143,24129.63,,,,,,,1898.18
1144,24129.46,,,,,,,1898.18
1145,24129.36,,,,,,,1897.96
1146,24129.37,,,,,,,1897.95
1147,24129.47,,,,,,,1897.95
1148,24130.68,,,,,,,1898.34
1149,24130.85,,,,,,,1898.39
1150,24130.8,,,,,,,1898.63
1151,24130.8,,,,,,,1898.64
1152,24130.81,,,,,,,1898.68
1153,24130.81,,,,,,,1898.69
1154,24130.79,,,,,,,1898.71
1155,24130.89,,,,,,,1898.76
1156,24130.9,,,,,,,1898.68
1157,24129.26,,,,,,,1898.68
1158,24129.02,,,,,,,1898.68
1159,24129.02,,,,,,,1898.64
1160,24130.89,,,,,,,1898.64
1161,24130.9,,,,,,,1898.58
1162,24131.39,,,,,,,1898.46
1163,24131.5,,,,,,,1898.82
1164,24129.02,,,,,,,1898.82
1165,24128.87,,,,,,,1898.75
1166,24128.87,,,,,,,1898.73
1167,24129.02,,,,,,,1898.75
1168,24128.88,,,,,,,1898.83
1169,24128.86,,,,,,,1898.8
1170,24128.86,,,,,,,1898.73
1171,24129.03,,,,,,,1898.72
1172,24130.67,,,,,,,1898.68
1173,24130.37,,,,,,,1898.66
1174,24127.16,,,,,,,1898.63
1175,24128.76,,,,,,,1898.63
1176,24125.26,,,,,,,1898.56
1177,24127.93,,,,,,,1898.46
1178,24127.93,,,,,,,1898.46
1179,24126.38,,,,,,,1898.45
1180,24128.74,,,,,,,1898.45
1181,24128.74,,,,,,,1898.81
1182,24129.38,,,,,,,1898.82
1183,24129.38,,,,,,,1898.51
1184,24131.16,,,,,,,1898.48
1185,24131.31,,,,,,,1898.69
1186,24131.76,,,,,,,1898.66
1187,24131.86,,,,,,,1898.54
1188,24131.87,,,,,,,1898.6
1189,24132.98,,,,,,,1898.51
1190,24133.11,,,,,,,1898.51
1191,24133.11,,,,,,,1898.51
1192,24133.12,,,,,,,1898.51
1193,24129.02,,,,,,,1898.51
1194,24129.02,,,,,,,1898.51
1195,24128.97,,,,,,,1898.51
1196,24127.84,,,,,,,1898.52
1197,24131.77,,,,,,,1898.52
1198,24131.77,,,,,,,1898.52
1199,24128.41,,,,,,,1898.51
1200,24128.33,,,,,,,1898.51
1201,24129.71,,,,,,,1898.51
1202,24129.6,,,,,,,1898.51
1203,24129.09,,,,,,,1898.51
1204,24129.66,,,,,,,1898.51
1205,24129.64,,,,,,,1898.51
1206,24129.69,,,,,,,1898.16
1207,24130.97,,,,,,,1898.48
1208,24130.98,,,,,,,1898.41
1209,24128.41,,,,,,,1898.5
1210,24130.65,,,,,,,1898.41
1211,24130.68,,,,,,,1898.43
1212,24130.98,,,,,,,1898.45
1213,24130.98,,,,,,,1898.42
1214,24128.47,,,,,,,1898.64
1215,24128.44,,,,,,,1898.35
1216,24128.43,,,,,,,1898.32
1217,24128.43,,,,,,,1898.47
1218,24128.43,,,,,,,1898.47
1219,24128.46,,,,,,,1898.48
1220,24128.43,,,,,,,1898.35
1221,24129.59,,,,,,,1898.35
1222,24129.16,,,,,,,1898.62
1223,24129.15,,,,,,,1898.45
1224,24129.15,,,,,,,1898.45
1225,24129.27,,,,,,,1898.45
1226,24129.26,,,,,,,1898.45
1227,24128.3,,,,,,,1898.5
1228,24128.29,,,,,,,1898.52
1229,24130.89,,,,,,,1898.73
1230,24130.89,,,,,,,1898.95
1231,24129.29,,,,,,,1898.99
1232,24129.33,,,,,,,1899
1233,24129.32,,,,,,,1899.01
1234,24131.02,,,,,,,1899.02
1235,24131.02,,,,,,,1899.08
1236,24131.02,,,,,,,1899.16
1237,24131.24,,,,,,,1899.16
1238,24131.28,,,,,,,1899.18
1239,24128.58,,,,,,,1898.97
1240,24128.58,,,,,,,1899.01
1241,24128.51,,,,,,,1898.9
1242,24130.36,,,,,,,1898.82
1243,24128.69,,,,,,,1899.01
1244,24128.69,,,,,,,1899.01
1245,24130.49,,,,,,,1898.99
1246,24130.5,,,,,,,1898.91
1247,24130.52,,,,,,,1898.91
1248,24130.53,,,,,,,1899
1249,24126.86,,,,,,,1899.1
1250,24129.39,,,,,,,1899.16
1251,24129.6,,,,,,,1899.22
1252,24129.46,,,,,,,1899.13
1253,24129.59,,,,,,,1899.18
1254,24129.59,,,,,,,1899.18
1255,24131.22,,,,,,,1899.35
1256,24131.22,,,,,,,1899.35
1257,24131.22,,,,,,,1899.35
1258,24131.2,,,,,,,1899.31
1259,24128.66,,,,,,,1899.26
1260,24130.67,,,,,,,1899.3
1261,24128.68,,,,,,,1899.3
1262,24130.51,,,,,,,1899.3
1263,24130.25,,,,,,,1899.53
1264,24130,,,,,,,1899.24
1265,24130,,,,,,,1899.64
1266,24130,,,,,,,1899.63
1267,24130,,,,,,,1899.63
1268,24129.99,,,,,,,1899.64
1269,24128.24,,,,,,,1899.58
1270,24131.19,,,,,,,1899.61
1271,24131.03,,,,,,,1899.62
1272,24131.03,,,,,,,1899.59
1273,24128.27,,,,,,,1899.59
1274,24130.97,,,,,,,1899.62
1275,24128.26,,,,,,,1899.46
1276,24128.26,,,,,,,1899.45
1277,24131.21,,,,,,,1899.43
1278,24131.21,,,,,,,1899.65
1279,24131.21,,,,,,,1899.62
1280,24128.52,,,,,,,1899.54
1281,24128.51,,,,,,,1899.47
1282,24128.34,,,,,,,1899.26
1283,24130.5,,,,,,,1899.26
1284,24128.51,,,,,,,1899.21
1285,24130.45,,,,,,,1899.21
1286,24130.35,,,,,,,1899.21
1287,24130.38,,,,,,,1899.2
1288,24130.38,,,,,,,1899.18
1289,24130.35,,,,,,,1899.18
1290,24130.34,,,,,,,1899.16
1291,24130.83,,,,,,,1899.11
1292,24130.8,,,,,,,1899.29
1293,24130.83,,,,,,,1899.45
1294,24130.05,,,,,,,1899.36
1295,24130.83,,,,,,,1899.36
1296,24130.83,,,,,,,1899.28
1297,24131.22,,,,,,,1899.25
1298,24131.22,,,,,,,1899.34
1299,24130.01,,,,,,,1899.19
1300,24129.98,,,,,,,1899.17
1301,24130.02,,,,,,,1899.37
1302,24129.99,,,,,,,1899.19
1303,24129.13,,,,,,,1899.46
1304,24128.88,,,,,,,1899.46
1305,24131.7,,,,,,,1899.45
1306,24129.36,,,,,,,1899.48
1307,24129.48,,,,,,,1899.48
1308,24129.45,,,,,,,1899.42
1309,24131.1,,,,,,,1899.42
1310,24131.11,,,,,,,1899.42
1311,24131.07,,,,,,,1899.43
1312,24128.65,,,,,,,1899.42
1313,24131.02,,,,,,,1899.42
1314,24131.03,,,,,,,1899.43
1315,24131.03,,,,,,,1899.49
1316,24128.61,,,,,,,1899.56
1317,24128.6,,,,,,,1899.57
1318,24128.63,,,,,,,1899.59
1319,24130.8,,,,,,,1899.62
1320,24130.81,,,,,,,1899.64
1321,24128.88,,,,,,,1899.69
1322,24128.86,,,,,,,1899.71
1323,24128.81,,,,,,,1899.71
1324,24128.79,,,,,,,1899.71
1325,24128.78,,,,,,,1899.71
1326,24128.75,,,,,,,1899.73
1327,24128.63,,,,,,,1899.77
1328,24128.05,,,,,,,1899.78
1329,24128.01,,,,,,,1899.78
1330,24127.95,,,,,,,1899.78
1331,24127.34,,,,,,,1899.78
1332,24127.32,,,,,,,1899.8
1333,24127.28,,,,,,,1899.81
1334,24127.21,,,,,,,1899.84
1335,24130.71,,,,,,,1899.84
1336,24130.69,,,,,,,1899.85
1337,24130.69,,,,,,,1899.85
1338,24127.75,,,,,,,1899.85
1339,24127.75,,,,,,,1899.86
1340,24127.74,,,,,,,1899.87
1341,24129.7,,,,,,,1899.89
1342,24127.76,,,,,,,1899.9
1343,24127.13,,,,,,,1899.91
1344,24127.87,,,,,,,1899.95
1345,24127.77,,,,,,,1899.99
1346,24125.26,,,,,,,1900
1347,24127.77,,,,,,,1900.01
1348,24128.67,,,,,,,1900.02
1349,24125.27,,,,,,,1899.42
1350,24128.37,,,,,,,1899.4
1351,24127.94,,,,,,,1899.39
1352,24127.98,,,,,,,1899.4
1353,24127.91,,,,,,,1899.39
1354,24127.87,,,,,,,1899.43
1355,24127.88,,,,,,,1899.42
1356,24127.88,,,,,,,1899.51
1357,24127.88,,,,,,,1899.51
1358,24127.88,,,,,,,1899.43
1359,24127.9,,,,,,,1899.42
1360,24127.88,,,,,,,1899.4
1361,24127.98,,,,,,,1899.4
1362,24127.98,,,,,,,1899.52
1363,24127.98,,,,,,,1899.4
1364,24128.01,,,,,,,1899.69
1365,24128.01,,,,,,,1899.65
1366,24128.01,,,,,,,1899.65
1367,24129.24,,,,,,,1899.68
1368,24129.3,,,,,,,1899.72
1369,24129.31,,,,,,,1899.72
1370,24126.58,,,,,,,1899.89
1371,24126.29,,,,,,,1899.9
1372,24125.38,,,,,,,1899.86
1373,24125.27,,,,,,,1899.98
1374,24125.26,,,,,,,1900
1375,24125.21,,,,,,,1900.01
1376,24125.11,,,,,,,1900.01
1377,24125.08,,,,,,,1899.8
1378,24125,,,,,,,1899.77
1379,24124.99,,,,,,,1899.7
1380,24124.98,,,,,,,1899.89
1381,24125.22,,,,,,,1899.78
1382,24124.8,,,,,,,1899.77
1383,24124.24,,,,,,,1899.89
1384,24124.13,,,,,,,1899.89
1385,24124.12,,,,,,,1899.89
1386,24124.84,,,,,,,1899.74
1387,24124.82,,,,,,,1899.7
1388,24124.11,,,,,,,1899.79
1389,24124.11,,,,,,,1899.78
1390,24123.32,,,,,,,1899.92
1391,24123.31,,,,,,,1899.95
1392,24122.93,,,,,,,1899.92
1393,24122.93,,,,,,,1899.79
1394,24122.93,,,,,,,1899.8
1395,24122.93,,,,,,,1899.89
1396,24122.93,,,,,,,1899.92
1397,24122.84,,,,,,,1899.91
1398,24122.74,,,,,,,1899.82
1399,24121.65,,,,,,,1899.79
1400,24120.91,,,,,,,1899.96
1401,24120.92,,,,,,,1899.97
1402,24120.92,,,,,,,1899.99
1403,24120.92,,,,,,,1899.92
1404,24120.92,,,,,,,1899.81
1405,24120.92,,,,,,,1899.81
1406,24120.92,,,,,,,1899.78
1407,24120.92,,,,,,,1899.67
1408,24120.92,,,,,,,1899.96
1409,24120.92,,,,,,,1899.96
1410,24120.92,,,,,,,1899.97
1411,24120.92,,,,,,,1899.99
1412,24120.92,,,,,,,1899.8
1413,24120.92,,,,,,,1899.97
1414,24120.99,,,,,,,1899.99
1415,24121,,,,,,,1900
1416,24120.92,,,,,,,1899.8
1417,24120.92,,,,,,,1899.8
1418,24120.92,,,,,,,1899.8
1419,24120.92,,,,,,,1899.81
1420,24121.39,,,,,,,1899.91
1421,24121.49,,,,,,,1899.81
1422,24121.49,,,,,,,1899.58
1423,24120.99,,,,,,,1899.69
1424,24120.99,,,,,,,1899.71
1425,24121,,,,,,,1899.72
1426,24120.99,,,,,,,1899.57
1427,24121,,,,,,,1899.57
1428,24121,,,,,,,1899.57
1429,24121,,,,,,,1899.57
1430,24120.92,,,,,,,1899.64
1431,24120.92,,,,,,,1899.58
1432,24120.92,,,,,,,1899.68
1433,24120.91,,,,,,,1899.58
1434,24120.3,,,,,,,1899.58
1435,24120.27,,,,,,,1899.57
1436,24120.92,,,,,,,1899.57
1437,24120.92,,,,,,,1899.65
1438,24120.27,,,,,,,1899.66
1439,24119.61,,,,,,,1899.65
1440,24119.61,,,,,,,1899.64
1441,24117.17,,,,,,,1899.67
1442,24117.17,,,,,,,1899.68
1443,24115.49,,,,,,,1899.68
1444,24117.17,,,,,,,1899.58
1445,24118.65,,,,,,,1899.58
1446,24118.66,,,,,,,1899.58
1447,24118.66,,,,,,,1899.68
1448,24118.79,,,,,,,1899.88
1449,24118.81,,,,,,,1899.87
1450,24118.82,,,,,,,1899.84
1451,24118.86,,,,,,,1899.84
1452,24118.88,,,,,,,1899.84
1453,24118.63,,,,,,,1899.84
1454,24119.32,,,,,,,1899.83
1455,24119.41,,,,,,,1900.02
1456,24121.48,,,,,,,1900.02
1457,24121.49,,,,,,,1900.18
1458,24121.5,,,,,,,1900.18
1459,24121.86,,,,,,,1900.17
1460,24119.13,,,,,,,1900.35
1461,24117.9,,,,,,,1900.33
1462,24117.9,,,,,,,1900.34
1463,24117.91,,,,,,,1900.33
1464,24117.91,,,,,,,1900.21
1465,24117.91,,,,,,,1900.34
1466,24117.91,,,,,,,1900.52
1467,24117.18,,,,,,,1900.22
1468,24117.9,,,,,,,1900.21
1469,24117.9,,,,,,,1900.22
1470,24117.91,,,,,,,1900.22
1471,24119.88,,,,,,,1900.22
1472,24119.89,,,,,,,1900.18
1473,24120.93,,,,,,,1900.18
1474,24121.23,,,,,,,1900.18
1475,24119.19,,,,,,,1900.18
1476,24119.15,,,,,,,1900.12
1477,24119.18,,,,,,,1900.12
1478,24119.16,,,,,,,1900.12
1479,24119.14,,,,,,,1900.13
1480,24119.13,,,,,,,1900.12
1481,24119.16,,,,,,,1900.12
1482,24119.13,,,,,,,1900.12
1483,24119.19,,,,,,,1900.11
1484,24119.17,,,,,,,1900.1
1485,24121.16,,,,,,,1900.11
1486,24118.19,,,,,,,1900.01
1487,24119.13,,,,,,,1900.01
1488,24119.13,,,,,,,1900.01
1489,24119.13,,,,,,,1900.01
1490,24119.13,,,,,,,1900.01
1491,24117.91,,,,,,,1900.01
1492,24117.99,,,,,,,1900.01
1493,24117.91,,,,,,,1900.01
1494,24117.35,,,,,,,1900.01
1495,24120.45,,,,,,,1900.01
1496,24117.36,,,,,,,1900.01
1497,24117.36,,,,,,,1900.01
1498,24117.35,,,,,,,1900.01
1499,24117.19,,,,,,,1900.01
1500,24117.17,,,,,,,1900.01
1501,24116.05,,,,,,,1900.01
1502,24118.98,,,,,,,1900.01
1503,24118.98,,,,,,,1900.1
1504,24120.66,,,,,,,1900.01
1505,24120.67,,,,,,,1900.01
1506,24120.67,,,,,,,1900.01
1507,24120.66,,,,,,,1900.01
1508,24120.67,,,,,,,1900.01
1509,24118.71,,,,,,,1900.01
1510,24118.71,,,,,,,1900.01
1511,24118.58,,,,,,,1900.01
1512,24118.57,,,,,,,1900.01
1513,24120.54,,,,,,,1900.01
1514,24120.55,,,,,,,1900.02
1515,24120.55,,,,,,,1900.01
1516,24118.56,,,,,,,1900.01
1517,24118.56,,,,,,,1900.01
1518,24118.55,,,,,,,1900.01
1519,24118.55,,,,,,,1900.01
1520,24117.94,,,,,,,1900.01
1521,24119.65,,,,,,,1900.01
1522,24119.7,,,,,,,1900.01
1523,24119.72,,,,,,,1900.01
1524,24119.72,,,,,,,1900.01
1525,24119.76,,,,,,,1900.01
1526,24118.8,,,,,,,1900.01
1527,24115.69,,,,,,,1900.01
1528,24115.3,,,,,,,1900.01
1529,24115.26,,,,,,,1900.01
1530,24116.91,,,,,,,1900.05
1531,24116.92,,,,,,,1900.11
1532,24116.95,,,,,,,1900.13
1533,24116.95,,,,,,,1900.01
1534,24114.29,,,,,,,1900.01
1535,24114.46,,,,,,,1900.01
1536,24114.39,,,,,,,1900.1
1537,24114.1,,,,,,,1900.1
1538,24114.07,,,,,,,1900.1
1539,24114.07,,,,,,,1900.13
1540,24114.06,,,,,,,1900.01
1541,24114.08,,,,,,,1900.01
1542,24114.06,,,,,,,1900.01
1543,24114.07,,,,,,,1900.1
1544,24115.67,,,,,,,1900.13
1545,24115.66,,,,,,,1900.13
1546,24115.66,,,,,,,1900.13
1547,24115.64,,,,,,,1900.02
1548,24113.16,,,,,,,1900.02
1549,24113.16,,,,,,,1900.23
1550,24113.17,,,,,,,1900.23
1551,24115.22,,,,,,,1900.32
1552,24112.95,,,,,,,1900.51
1553,24112.95,,,,,,,1900.15
1554,24112.94,,,,,,,1900.15
1555,24113.55,,,,,,,1900.12
1556,24113.55,,,,,,,1900.01
1557,24113.36,,,,,,,1900.01
1558,24113.37,,,,,,,1900.01
1559,24113.53,,,,,,,1900.01
1560,24113.34,,,,,,,1900.01
1561,24113.36,,,,,,,1899.98
1562,24113.37,,,,,,,1900.02
1563,24113.42,,,,,,,1900.04
1564,24113.52,,,,,,,1900.02
1565,24113.56,,,,,,,1899.93
1566,24113.71,,,,,,,1899.92
1567,24113.93,,,,,,,1899.84
1568,24114.26,,,,,,,1899.83
1569,24114.29,,,,,,,1899.87
1570,24114.43,,,,,,,1899.84
1571,24114.76,,,,,,,1899.8
1572,24114.9,,,,,,,1899.79
1573,24115.23,,,,,,,1899.76
1574,24115.29,,,,,,,1899.76
1575,24115.34,,,,,,,1899.76
1576,24115.52,,,,,,,1899.76
1577,24115.81,,,,,,,1899.72
1578,24115.82,,,,,,,1899.68
1579,24115.98,,,,,,,1899.68
1580,24116.04,,,,,,,1899.56
1581,24111.96,,,,,,,1899.54
1582,24113.34,,,,,,,1899.54
1583,24112.06,,,,,,,1899.54
1584,24111.96,,,,,,,1899.54
1585,24111.99,,,,,,,1899.54
1586,24111.98,,,,,,,1899.54
1587,24111.97,,,,,,,1899.54
1588,24111.96,,,,,,,1899.54
1589,24115.24,,,,,,,1899.54
1590,24111.99,,,,,,,1899.54
1591,24111.98,,,,,,,1899.54
1592,24111.93,,,,,,,1899.54
1593,24111.96,,,,,,,1899.54
1594,24111.95,,,,,,,1899.54
1595,24111.95,,,,,,,1899.54
1596,24110.99,,,,,,,1899.54
1597,24110.98,,,,,,,1899.54
1598,24113.8,,,,,,,1899.56
1599,24111.99,,,,,,,1899.56
1600,24112,,,,,,,1899.57
1601,24111.99,,,,,,,1899.74
1602,24112,,,,,,,1899.54
1603,24111.99,,,,,,,1899.54
1604,24113.11,,,,,,,1899.54
1605,24111.99,,,,,,,1899.54
1606,24111.99,,,,,,,1899.54
1607,24111.99,,,,,,,1899.54
1608,24110.85,,,,,,,1899.54
1609,24110.21,,,,,,,1899.54
1610,24110.17,,,,,,,1899.67
1611,24110.09,,,,,,,1899.55
1612,24110.08,,,,,,,1899.55
1613,24110.22,,,,,,,1899.55
1614,24110.1,,,,,,,1899.54
1615,24109.46,,,,,,,1899.54
1616,24109.45,,,,,,,1899.56
1617,24110.22,,,,,,,1899.55
1618,24112.2,,,,,,,1899.55
1619,24109.6,,,,,,,1899.7
1620,24109.6,,,,,,,1899.56
1621,24109.03,,,,,,,1899.56
1622,24109.03,,,,,,,1899.56
1623,24108.45,,,,,,,1899.59
1624,24108.31,,,,,,,1899.72
1625,24109.99,,,,,,,1899.73
1626,24108.39,,,,,,,1899.7
1627,24109.94,,,,,,,1899.73
1628,24108.39,,,,,,,1899.73
1629,24107.86,,,,,,,1899.6
1630,24109.58,,,,,,,1899.7
1631,24109.9,,,,,,,1899.7
1632,24109.9,,,,,,,1899.7
1633,24111.16,,,,,,,1899.73
1634,24111.17,,,,,,,1899.73
1635,24108,,,,,,,1899.73
1636,24110.39,,,,,,,1899.65
1637,24109.26,,,,,,,1899.66
1638,24109.26,,,,,,,1899.63
1639,24109.24,,,,,,,1899.56
1640,24109.24,,,,,,,1899.56
1641,24109.25,,,,,,,1899.56
1642,24109.26,,,,,,,1899.56
1643,24109.15,,,,,,,1899.43
1644,24107.56,,,,,,,1899.43
1645,24107.5,,,,,,,1899.48
1646,24109.5,,,,,,,1899.44
1647,24109.51,,,,,,,1899.42
1648,24106.75,,,,,,,1899.42
1649,24106.75,,,,,,,1899.43
1650,24106.04,,,,,,,1899.42
1651,24105.87,,,,,,,1899.42
1652,24105.89,,,,,,,1899.42
1653,24105.89,,,,,,,1899.42
1654,24105.89,,,,,,,1899.42
1655,24105.81,,,,,,,1899.35
1656,24105.78,,,,,,,1899.35
1657,24105.79,,,,,,,1899.35
1658,24104.31,,,,,,,1899.35
1659,24104.22,,,,,,,1899.2
1660,24104.2,,,,,,,1899.2
1661,24103.99,,,,,,,1899.19
1662,24103.72,,,,,,,1899.19
1663,24104.32,,,,,,,1899.23
1664,24104.32,,,,,,,1899.23
1665,24104.32,,,,,,,1899.19
1666,24104.31,,,,,,,1899.19
1667,24104.31,,,,,,,1899.2
1668,24104.35,,,,,,,1899.23
1669,24104.64,,,,,,,1899.22
1670,24104.63,,,,,,,1899.23
1671,24104.45,,,,,,,1899.34
1672,24103.83,,,,,,,1899.2
1673,24103.67,,,,,,,1899.2
1674,24103.53,,,,,,,1899.19
1675,24103.43,,,,,,,1899.19
1676,24103.29,,,,,,,1899.19
1677,24103.23,,,,,,,1899.2
1678,24103.21,,,,,,,1899.19
1679,24103.14,,,,,,,1899.2
1680,24103.53,,,,,,,1899.2
1681,24103.14,,,,,,,1899.2
1682,24103.12,,,,,,,1899.38
1683,24102.99,,,,,,,1899.14
1684,24102.95,,,,,,,1899.14
1685,24102.16,,,,,,,1899.14
1686,24106.02,,,,,,,1899.14
1687,24106.03,,,,,,,1899.14
1688,24103.15,,,,,,,1899.23
1689,24103.14,,,,,,,1899.04
1690,24105.26,,,,,,,1899.04
1691,24105.3,,,,,,,1899.04
1692,24104.53,,,,,,,1899.04
1693,24104.53,,,,,,,1899.03
1694,24104.53,,,,,,,1899.05
1695,24103.15,,,,,,,1899.22
1696,24103.15,,,,,,,1899.05
1697,24103.15,,,,,,,1899.05
1698,24103.15,,,,,,,1899.05
1699,24102.58,,,,,,,1899.19
1700,24103.51,,,,,,,1899.06
1701,24103.52,,,,,,,1899.03
1702,24105.68,,,,,,,1899.14
1703,24103.55,,,,,,,1899.15
1704,24103.55,,,,,,,1899.15
1705,24103.55,,,,,,,1899.15
1706,24103.55,,,,,,,1899.13
1707,24103.55,,,,,,,1899.27
1708,24103.55,,,,,,,1899.14
1709,24103.55,,,,,,,1899.25
1710,24103.96,,,,,,,1899.26
1711,24103.99,,,,,,,1899.27
1712,24103.98,,,,,,,1899.1
1713,24103.95,,,,,,,1899.11
1714,24104.04,,,,,,,1899.24
1715,24103.97,,,,,,,1899.27
1716,24103.97,,,,,,,1899.09
1717,24107.05,,,,,,,1899.09
1718,24107.05,,,,,,,1899.08
1719,24106.75,,,,,,,1899.08
1720,24106.75,,,,,,,1899.07
1721,24104.93,,,,,,,1899.07
1722,24104.92,,,,,,,1899.06
1723,24104.92,,,,,,,1899.06
1724,24104.77,,,,,,,1899.06
1725,24106.75,,,,,,,1899.01
1726,24106.8,,,,,,,1899.05
1727,24106.73,,,,,,,1899.05
1728,24106.73,,,,,,,1899.18
1729,24106.71,,,,,,,1899.01
1730,24106.72,,,,,,,1899.08
1731,24107.52,,,,,,,1899.06
1732,24108.98,,,,,,,1899.05
1733,24109.61,,,,,,,1899.04
1734,24109.1,,,,,,,1899.06
1735,24109.17,,,,,,,1899.06
1736,24109.1,,,,,,,1899.11
1737,24109.18,,,,,,,1899.11
1738,24109.1,,,,,,,1899.11
1739,24108.97,,,,,,,1899.11
1740,24110.27,,,,,,,1899.1
1741,24110.18,,,,,,,1899.12
1742,24110.18,,,,,,,1899.11
1743,24110.18,,,,,,,1899.1
1744,24110.83,,,,,,,1899.05
1745,24111.51,,,,,,,1899.05
1746,24111.54,,,,,,,1899.02
1747,24111.57,,,,,,,1899
1748,24112.32,,,,,,,1899.04
1749,24112.32,,,,,,,1899.02
1750,24113.48,,,,,,,1899.01
1751,24113.97,,,,,,,1899
1752,24113.97,,,,,,,1899.15
1753,24113.98,,,,,,,1899.15
1754,24113.98,,,,,,,1899.16
1755,24117,,,,,,,1899.16
1756,24117.01,,,,,,,1899.17
1757,24116.4,,,,,,,1899.05
1758,24116.38,,,,,,,1899
1759,24114.16,,,,,,,1899
1760,24114.17,,,,,,,1899.01
1761,24114.16,,,,,,,1899.01
1762,24114.08,,,,,,,1899.01
1763,24113.1,,,,,,,1899
1764,24114.06,,,,,,,1899
1765,24113.24,,,,,,,1899
1766,24113.25,,,,,,,1898.8
1767,24113.25,,,,,,,1898.73
1768,24114.1,,,,,,,1898.69
1769,24111.62,,,,,,,1898.68
1770,24112.27,,,,,,,1898.68
1771,24112.43,,,,,,,1898.68
1772,24111.61,,,,,,,1898.68
1773,24111.61,,,,,,,1898.67
1774,24111.57,,,,,,,1898.67
1775,24111.46,,,,,,,1898.68
1776,24111.38,,,,,,,1898.67
1777,24111.37,,,,,,,1898.77
1778,24111.37,,,,,,,1898.77
1779,24111.38,,,,,,,1898.8
1780,24111.46,,,,,,,1898.69
1781,24111.48,,,,,,,1898.67
1782,24111.54,,,,,,,1898.55
1783,24111.68,,,,,,,1898.54
1784,24111.75,,,,,,,1898.67
1785,24111.78,,,,,,,1898.69
1786,24111.8,,,,,,,1898.7
1787,24111.97,,,,,,,1898.69
1788,24111.99,,,,,,,1898.7
1789,24113.95,,,,,,,1898.72
1790,24114.71,,,,,,,1898.75
1791,24114.72,,,,,,,1898.75
1792,24116.91,,,,,,,1898.75
1793,24116.88,,,,,,,1898.75
1794,24116.91,,,,,,,1898.75
1795,24116.98,,,,,,,1898.75
1796,24117,,,,,,,1898.76
1797,24117,,,,,,,1898.7
1798,24116.39,,,,,,,1898.85
1799,24116.99,,,,,,,1898.92
1800,24117,,,,,,,1898.99
1801,24118.97,,,,,,,1899.15
1802,24119.23,,,,,,,1899.16
1803,24117.79,,,,,,,1898.86
1804,24118.74,,,,,,,1898.84
1805,24119.7,,,,,,,1898.96
1806,24119.7,,,,,,,1898.87
1807,24119.39,,,,,,,1898.88
1808,24119.18,,,,,,,1898.88
1809,24121.02,,,,,,,1898.96
1810,24121.02,,,,,,,1898.96
1811,24121.88,,,,,,,1899.06
1812,24118.85,,,,,,,1899.14
1813,24118.85,,,,,,,1898.7
1814,24118.83,,,,,,,1898.7
1815,24119.22,,,,,,,1898.68
1816,24119.75,,,,,,,1898.66
1817,24119.75,,,,,,,1898.66
1818,24119.75,,,,,,,1898.66
1819,24119.93,,,,,,,1898.64
1820,24119.93,,,,,,,1898.64
1821,24120.16,,,,,,,1898.43
1822,24120.16,,,,,,,1898.42
1823,24120.17,,,,,,,1898.41
1824,24120.17,,,,,,,1898.42
1825,24120.19,,,,,,,1898.41
1826,24120.19,,,,,,,1898.41
1827,24120.34,,,,,,,1898.4
1828,24121.1,,,,,,,1898.4
1829,24121.27,,,,,,,1898.42
1830,24122.51,,,,,,,1898.48
1831,24121.4,,,,,,,1898.48
1832,24121.4,,,,,,,1898.48
1833,24121.4,,,,,,,1898.48
1834,24122.86,,,,,,,1898.62
1835,24122.9,,,,,,,1898.64
1836,24122.3,,,,,,,1898.66
1837,24119.7,,,,,,,1898.47
1838,24119.69,,,,,,,1898.54
1839,24122.21,,,,,,,1898.54
1840,24122.21,,,,,,,1898.57
1841,24122.22,,,,,,,1898.78
1842,24122.22,,,,,,,1898.63
1843,24122.23,,,,,,,1898.89
1844,24123.52,,,,,,,1898.91
1845,24123.52,,,,,,,1898.92
1846,24123.57,,,,,,,1898.92
1847,24123.57,,,,,,,1898.84
1848,24123.57,,,,,,,1898.84
1849,24123.57,,,,,,,1898.83
1850,24123.47,,,,,,,1898.84
1851,24123.56,,,,,,,1898.88
1852,24123.56,,,,,,,1898.89
1853,24124.49,,,,,,,1898.89
1854,24124.49,,,,,,,1898.9
1855,24124.29,,,,,,,1898.9
1856,24121.37,,,,,,,1898.81
1857,24121.29,,,,,,,1898.81
1858,24121.29,,,,,,,1898.9
1859,24121.38,,,,,,,1898.97
1860,24121.29,,,,,,,1898.86
1861,24121.29,,,,,,,1898.86
1862,24121.29,,,,,,,1898.86
1863,24120.26,,,,,,,1898.86
1864,24120.26,,,,,,,1898.93
1865,24120.26,,,,,,,1898.67
1866,24120.25,,,,,,,1898.65
1867,24120.25,,,,,,,1898.65
1868,24120.26,,,,,,,1898.65
1869,24120.26,,,,,,,1898.64
1870,24120.26,,,,,,,1898.64
1871,24121.25,,,,,,,1898.75
1872,24122.23,,,,,,,1898.6
1873,24121.61,,,,,,,1898.61
1874,24121.6,,,,,,,1898.62
1875,24121.61,,,,,,,1898.45
1876,24121.6,,,,,,,1898.44
1877,24121.61,,,,,,,1898.69
1878,24118.65,,,,,,,1898.49
1879,24118.65,,,,,,,1898.49
1880,24118.62,,,,,,,1898.31
1881,24121.05,,,,,,,1898.26
1882,24121.06,,,,,,,1898.25
1883,24121.07,,,,,,,1898.49
1884,24122.41,,,,,,,1898.5
1885,24119.24,,,,,,,1898.49
1886,24119.23,,,,,,,1898.49
1887,24119.2,,,,,,,1898.48
1888,24119.2,,,,,,,1898.52
1889,24119.17,,,,,,,1898.57
1890,24119.06,,,,,,,1898.71
1891,24119.05,,,,,,,1898.72
1892,24122.26,,,,,,,1898.72
1893,24122.16,,,,,,,1898.62
1894,24122.12,,,,,,,1898.62
1895,24122.13,,,,,,,1898.62
1896,24122.16,,,,,,,1898.62
1897,24122.19,,,,,,,1898.62
1898,24122.2,,,,,,,1898.65
1899,24122.18,,,,,,,1898.65
1900,24121.42,,,,,,,1898.62
1901,24121.42,,,,,,,1898.79
1902,24119.38,,,,,,,1898.82
1903,24122.15,,,,,,,1898.82
1904,24119.73,,,,,,,1898.76
1905,24119.92,,,,,,,1898.82
1906,24122.82,,,,,,,1898.85
1907,24123.65,,,,,,,1898.86
1908,24123.77,,,,,,,1898.93
1909,24125.16,,,,,,,1898.94
1910,24125.13,,,,,,,1898.83
1911,24125.16,,,,,,,1898.83
1912,24124.49,,,,,,,1898.82
1913,24124.42,,,,,,,1899.11
1914,24124.42,,,,,,,1899.16
1915,24124.32,,,,,,,1899.16
1916,24124.32,,,,,,,1899.22
1917,24124.2,,,,,,,1899.32
1918,24125.15,,,,,,,1899.22
1919,24125.15,,,,,,,1899.23
1920,24125.16,,,,,,,1899.43
1921,24125.16,,,,,,,1899.43
1922,24125.16,,,,,,,1899.43
1923,24125.39,,,,,,,1899.32
1924,24125.39,,,,,,,1899.43
1925,24127.44,,,,,,,1899.66
1926,24126.2,,,,,,,1899.32
1927,24129.02,,,,,,,1899.38
1928,24129.02,,,,,,,1899.36
1929,24126.61,,,,,,,1899.36
1930,24126.24,,,,,,,1899.53
1931,24126.21,,,,,,,1899.51
1932,24126,,,,,,,1899.53
1933,24125.99,,,,,,,1899.47
1934,24125.74,,,,,,,1899.4
1935,24125.73,,,,,,,1899.7
1936,24125.49,,,,,,,1899.69
1937,24125.38,,,,,,,1899.66
1938,24125.38,,,,,,,1899.63
1939,24125.38,,,,,,,1899.6
1940,24124.49,,,,,,,1899.6
1941,24123.66,,,,,,,1899.4
1942,24123.65,,,,,,,1899.4
1943,24124.68,,,,,,,1899.39
1944,24124.68,,,,,,,1899.37
1945,24125.16,,,,,,,1899.37
1946,24124.1,,,,,,,1899.2
1947,24124.35,,,,,,,1899.19
1948,24125.16,,,,,,,1899.18
1949,24125.35,,,,,,,1899.24
1950,24125.64,,,,,,,1899.21
1951,24124.1,,,,,,,1899.15
1952,24124.09,,,,,,,1899.15
1953,24124.09,,,,,,,1899.13
1954,24123.68,,,,,,,1899.15
1955,24124.1,,,,,,,1899.15
1956,24124.1,,,,,,,1899.15
1957,24124.1,,,,,,,1899.13
1958,24123.68,,,,,,,1899.15
1959,24124.1,,,,,,,1899.15
1960,24124.1,,,,,,,1899.15
1961,24124.1,,,,,,,1899.32
1962,24124.1,,,,,,,1899.32
1963,24124.1,,,,,,,1899.08
1964,24123.67,,,,,,,1899.06
1965,24123.67,,,,,,,1899.05
1966,24125.24,,,,,,,1899.05
1967,24124.1,,,,,,,1899.21
1968,24124.64,,,,,,,1899.24
1969,24124.65,,,,,,,1899.24
1970,24124.59,,,,,,,1899.27
1971,24124.6,,,,,,,1899.08
1972,24124.6,,,,,,,1899.06
1973,24124.64,,,,,,,1899.07
1974,24124.63,,,,,,,1899.17
1975,24126.79,,,,,,,1899.02
1976,24124.23,,,,,,,1899.07
1977,24127.63,,,,,,,1899.07
1978,24127.97,,,,,,,1899.04
1979,24128.08,,,,,,,1899.01
1980,24128.05,,,,,,,1899.11
1981,24125.48,,,,,,,1899.03
1982,24125.52,,,,,,,1899.1
1983,24127.39,,,,,,,1899.07
1984,24127.36,,,,,,,1899.25
1985,24126.68,,,,,,,1899.25
1986,24126.69,,,,,,,1899.24
1987,24126.62,,,,,,,1899.09
1988,24126.65,,,,,,,1899.08
1989,24124.21,,,,,,,1899.07
1990,24124.21,,,,,,,1899.02
1991,24124.13,,,,,,,1899.01
1992,24124.13,,,,,,,1899
1993,24124.13,,,,,,,1899.01
1994,24124.1,,,,,,,1898.97
1995,24124.1,,,,,,,1899.01
1996,24124.1,,,,,,,1899.01
1997,24124.14,,,,,,,1899.03
1998,24124.1,,,,,,,1899.02
1999,24123.65,,,,,,,1899.02
2000,24123.65,,,,,,,1899.02
2001,24123.66,,,,,,,1899.06
2002,24123.65,,,,,,,1899.01
2003,24123.65,,,,,,,1899.01
2004,24123.65,,,,,,,1898.97
2005,24123.65,,,,,,,1898.91
2006,24122.23,,,,,,,1898.91
2007,24123.65,,,,,,,1898.91
2008,24123.65,,,,,,,1898.92
2009,24123.65,,,,,,,1898.83
2010,24123.65,,,,,,,1898.91
2011,24122.23,,,,,,,1899
2012,24123.65,,,,,,,1899
2013,24123.65,,,,,,,1898.83
2014,24123.65,,,,,,,1898.88
2015,24123.65,,,,,,,1898.9
2016,24123.86,,,,,,,1898.99
2017,24123.85,,,,,,,1899.02
2018,24123.66,,,,,,,1899.03
2019,24123.66,,,,,,,1899.13
2020,24123.65,,,,,,,1899.19
2021,24123.65,,,,,,,1899.25
2022,24123.65,,,,,,,1899.26
2023,24123.66,,,,,,,1898.84
2024,24123.66,,,,,,,1898.85
2025,24123.65,,,,,,,1898.85
2026,24123.69,,,,,,,1898.85
2027,24123.67,,,,,,,1899.22
2028,24123.67,,,,,,,1899.27
2029,24123.65,,,,,,,1899.29
2030,24123.65,,,,,,,1899.41
2031,24123.65,,,,,,,1899.45
2032,24123.65,,,,,,,1899.45
2033,24123.65,,,,,,,1899.45
2034,24124.03,,,,,,,1899.22
2035,24124.6,,,,,,,1899.45
2036,24124.58,,,,,,,1899.36
2037,24124.6,,,,,,,1899.35
2038,24123.91,,,,,,,1899.29
2039,24126.38,,,,,,,1899.43
2040,24126.39,,,,,,,1899.45
2041,24126.42,,,,,,,1899.46
2042,24126.48,,,,,,,1899.35
2043,24126.49,,,,,,,1899.43
2044,24126.38,,,,,,,1899.46
2045,24124,,,,,,,1899.46
2046,24123.98,,,,,,,1899.63
2047,24124.13,,,,,,,1899.73
2048,24124.09,,,,,,,1899.72
2049,24123.65,,,,,,,1899.75
2050,24123.65,,,,,,,1899.6
2051,24123.65,,,,,,,1899.6
2052,24123.74,,,,,,,1899.58
2053,24123.66,,,,,,,1899.57
2054,24123.65,,,,,,,1899.81
2055,24123.66,,,,,,,1899.81
2056,24123.66,,,,,,,1899.44
2057,24123.66,,,,,,,1899.41
2058,24123.66,,,,,,,1899.41
2059,24123.66,,,,,,,1899.27
2060,24123.65,,,,,,,1899.27
2061,24122.28,,,,,,,1899.21
2062,24122.25,,,,,,,1899.68
2063,24122.28,,,,,,,1899.58
2064,24122.28,,,,,,,1899.58
2065,24122.28,,,,,,,1899.59
2066,24122.28,,,,,,,1899.6
2067,24122.28,,,,,,,1899.62
2068,24122.28,,,,,,,1899.62
2069,24123.61,,,,,,,1899.46
2070,24124.3,,,,,,,1899.46
2071,24122.28,,,,,,,1899.46
2072,24124.28,,,,,,,1899.46
2073,24124.21,,,,,,,1899.49
2074,24124.17,,,,,,,1899.46
2075,24124.27,,,,,,,1899.44
2076,24124.19,,,,,,,1899.59
2077,24122.43,,,,,,,1899.61
2078,24122.43,,,,,,,1899.62
2079,24122.39,,,,,,,1899.62
2080,24122.28,,,,,,,1899.46
2081,24122.28,,,,,,,1899.47
2082,24122.28,,,,,,,1899.45
2083,24122.21,,,,,,,1899.46
2084,24122.28,,,,,,,1899.4
2085,24122.28,,,,,,,1899.45
2086,24122.29,,,,,,,1899.45
2087,24122.29,,,,,,,1899.57
2088,24122.29,,,,,,,1899.36
2089,24123.72,,,,,,,1899.39
2090,24123.71,,,,,,,1899.39
2091,24123.7,,,,,,,1899.51
2092,24124.75,,,,,,,1899.57
2093,24124.76,,,,,,,1899.54
2094,24124.76,,,,,,,1899.57
2095,24122.3,,,,,,,1899.63
2096,24122.3,,,,,,,1899.76
2097,24122.29,,,,,,,1899.77
2098,24122.29,,,,,,,1899.4
2099,24122.28,,,,,,,1899.4
2100,24122.28,,,,,,,1899.25
2101,24122.28,,,,,,,1899.54
2102,24122.29,,,,,,,1899.45
2103,24122.29,,,,,,,1899.45
2104,24122.28,,,,,,,1899.55
2105,24122.21,,,,,,,1899.52
2106,24120.02,,,,,,,1899.52
2107,24120.02,,,,,,,1899.62
2108,24122.67,,,,,,,1899.63
2109,24122.63,,,,,,,1899.75
2110,24122.62,,,,,,,1899.76
2111,24124.19,,,,,,,1899.77
2112,24123.08,,,,,,,1899.81
2113,24123.07,,,,,,,1899.81
2114,24125.33,,,,,,,1899.96
2115,24122.29,,,,,,,1899.97
2116,24122.29,,,,,,,1900
2117,24122.28,,,,,,,1899.93
2118,24122.28,,,,,,,1899.93
2119,24121.02,,,,,,,1900.13
2120,24121.02,,,,,,,1900.13
2121,24120.97,,,,,,,1900.26
2122,24120.96,,,,,,,1900.32
2123,24120.97,,,,,,,1900.32
2124,24122.05,,,,,,,1900.33
2125,24120.97,,,,,,,1900.15
2126,24120.97,,,,,,,1900.21
2127,24120.98,,,,,,,1900.02
2128,24120.97,,,,,,,1900.35
2129,24120.97,,,,,,,1900.41
2130,24120.97,,,,,,,1900.31
2131,24121.74,,,,,,,1900.31
2132,24123.43,,,,,,,1900.31
2133,24123.44,,,,,,,1900.26
2134,24123.47,,,,,,,1900.26
2135,24124.38,,,,,,,1900.37
2136,24121.16,,,,,,,1900.28
2137,24121.16,,,,,,,1900.29
2138,24121.15,,,,,,,1900.28
2139,24121.15,,,,,,,1900.29
2140,24120.97,,,,,,,1900.13
2141,24120.97,,,,,,,1900.11
2142,24119.96,,,,,,,1900.4
2143,24119.88,,,,,,,1900.4
2144,24119.84,,,,,,,1900.27
2145,24119.8,,,,,,,1900.27
2146,24119.79,,,,,,,1900.31
2147,24119.79,,,,,,,1900.51
2148,24119.78,,,,,,,1900.51
2149,24119.97,,,,,,,1900.51
2150,24122.3,,,,,,,1900.51
2151,24119.97,,,,,,,1900.7
2152,24122.14,,,,,,,1900.7
2153,24121.53,,,,,,,1900.7
2154,24122.14,,,,,,,1900.57
2155,24119.96,,,,,,,1900.69
2156,24119.96,,,,,,,1900.66
2157,24119.43,,,,,,,1900.72
2158,24121.03,,,,,,,1900.85
2159,24119.43,,,,,,,1900.88
2160,24118.65,,,,,,,1900.85
2161,24117.23,,,,,,,1900.88
2162,24117.23,,,,,,,1900.72
2163,24117.23,,,,,,,1900.72
2164,24117.23,,,,,,,1900.57
2165,24116.83,,,,,,,1900.57
2166,24118.37,,,,,,,1900.57
2167,24118.37,,,,,,,1900.56
2168,24118.63,,,,,,,1900.56
2169,24118.62,,,,,,,1900.56
2170,24118.63,,,,,,,1900.55
2171,24119.51,,,,,,,1900.57
2172,24119.87,,,,,,,1900.36
2173,24120.94,,,,,,,1900.35
2174,24120.95,,,,,,,1900.35
2175,24120.08,,,,,,,1900.35
2176,24120.07,,,,,,,1900.34
2177,24119.08,,,,,,,1900.3
2178,24118.94,,,,,,,1900.3
2179,24118.95,,,,,,,1900.25
2180,24118.98,,,,,,,1900.24
2181,24119.08,,,,,,,1900.23
2182,24116.46,,,,,,,1900.22
2183,24118.78,,,,,,,1900.21
2184,24118.36,,,,,,,1900.2
2185,24118.32,,,,,,,1900.16
2186,24115.02,,,,,,,1900.15
2187,24115.01,,,,,,,1900.15
2188,24115.01,,,,,,,1900.11
2189,24114.84,,,,,,,1900.11
2190,24114.1,,,,,,,1900.11
2191,24113.44,,,,,,,1900.59
2192,24113.32,,,,,,,1900.57
2193,24113.03,,,,,,,1900.23
2194,24113.27,,,,,,,1900.2
2195,24113.28,,,,,,,1900.54
2196,24113.37,,,,,,,1900.48
2197,24113.37,,,,,,,1900.48
2198,24113.81,,,,,,,1900.34
2199,24113.89,,,,,,,1900.37
2200,24110.98,,,,,,,1900.26
2201,24110.97,,,,,,,1900.38
2202,24114.57,,,,,,,1900.37
2203,24114.57,,,,,,,1900.37
2204,24114.61,,,,,,,1900.26
2205,24115.52,,,,,,,1900.26
2206,24116.13,,,,,,,1900.36
2207,24116.16,,,,,,,1900.26
2208,24116.34,,,,,,,1900.35
2209,24116.34,,,,,,,1900.36
2210,24118.96,,,,,,,1900.23
2211,24116.9,,,,,,,1900.14
2212,24116.16,,,,,,,1900.1
2213,24116.16,,,,,,,1900.09
2214,24115.6,,,,,,,1900.09
2215,24115.57,,,,,,,1900.09
2216,24115.57,,,,,,,1899.9
2217,24115.49,,,,,,,1899.9
2218,24113.02,,,,,,,1899.88
2219,24114.97,,,,,,,1899.88
2220,24114.92,,,,,,,1899.88
2221,24114.93,,,,,,,1899.88
2222,24114.82,,,,,,,1899.87
2223,24113.08,,,,,,,1899.87
2224,24113.07,,,,,,,1899.87
2225,24113.07,,,,,,,1899.88
2226,24113.07,,,,,,,1899.89
2227,24113.04,,,,,,,1899.89
2228,24113.03,,,,,,,1899.88
2229,24114.78,,,,,,,1899.89
2230,24114.98,,,,,,,1899.88
2231,24114.98,,,,,,,1899.87
2232,24113.05,,,,,,,1899.68
2233,24113.05,,,,,,,1899.92
2234,24113.04,,,,,,,1899.71
2235,24113.04,,,,,,,1899.68
2236,24114.14,,,,,,,1899.68
2237,24114.13,,,,,,,1899.68
2238,24114.15,,,,,,,1899.68
2239,24114.8,,,,,,,1899.84
2240,24114.79,,,,,,,1899.73
2241,24116.08,,,,,,,1899.75
2242,24116.41,,,,,,,1899.71
2243,24117.63,,,,,,,1899.65
2244,24117.63,,,,,,,1899.91
2245,24116.84,,,,,,,1899.72
2246,24117,,,,,,,1899.9
2247,24118.02,,,,,,,1899.68
2248,24117.99,,,,,,,1899.66
2249,24117.92,,,,,,,1899.66
2250,24117.82,,,,,,,1899.65
2251,24117.79,,,,,,,1899.51
2252,24118.23,,,,,,,1899.4
2253,24115.77,,,,,,,1899.39
2254,24119.09,,,,,,,1899.38
2255,24119.09,,,,,,,1899.36
2256,24116.29,,,,,,,1899.58
2257,24117.09,,,,,,,1899.59
2258,24116.88,,,,,,,1899.62
2259,24116.88,,,,,,,1899.62
2260,24116.85,,,,,,,1899.62
2261,24115.15,,,,,,,1899.63
2262,24115.12,,,,,,,1899.52
2263,24115.11,,,,,,,1899.52
2264,24116.13,,,,,,,1899.5
2265,24116.1,,,,,,,1899.5
2266,24116.11,,,,,,,1899.52
2267,24116.04,,,,,,,1899.5
2268,24116.02,,,,,,,1899.5
2269,24117.19,,,,,,,1899.37
2270,24117.19,,,,,,,1899.64
2271,24113.61,,,,,,,1899.34
2272,24113.57,,,,,,,1899.33
2273,24116.18,,,,,,,1899.48
2274,24113.57,,,,,,,1899.47
2275,24113.57,,,,,,,1899.47
2276,24113.04,,,,,,,1899.4
2277,24113.03,,,,,,,1899.39
2278,24113.03,,,,,,,1899.36
2279,24113.04,,,,,,,1899.33
2280,24113.03,,,,,,,1899.53
2281,24113.03,,,,,,,1899.58
2282,24113.03,,,,,,,1899.62
2283,24113.03,,,,,,,1899.61
2284,24113.03,,,,,,,1899.46
2285,24113.03,,,,,,,1899.6
2286,24113.02,,,,,,,1899.68
2287,24113.01,,,,,,,1899.45
2288,24113.03,,,,,,,1899.44
2289,24112.74,,,,,,,1899.35
2290,24112.75,,,,,,,1899.32
2291,24112.75,,,,,,,1899.2
2292,24112.74,,,,,,,1899.19
2293,24112.75,,,,,,,1899.18
2294,24112.74,,,,,,,1899.17
2295,24112.74,,,,,,,1899.26
2296,24112.74,,,,,,,1899.06
2297,24113.99,,,,,,,1899.2
2298,24113.99,,,,,,,1899.21
2299,24113.64,,,,,,,1899.36
2300,24113.93,,,,,,,1899.23
2301,24113.92,,,,,,,1899.23
2302,24113.92,,,,,,,1899.39
2303,24113.94,,,,,,,1899.2
2304,24111.14,,,,,,,1899.26
2305,24111.14,,,,,,,1899.17
2306,24111.07,,,,,,,1899.16
2307,24111.08,,,,,,,1899.19
2308,24109.88,,,,,,,1898.97
2309,24109.94,,,,,,,1899.04
2310,24109.94,,,,,,,1899.04
2311,24109.88,,,,,,,1899.05
2312,24109.87,,,,,,,1899.05
2313,24109.81,,,,,,,1899.04
2314,24109.81,,,,,,,1899.25
2315,24109.8,,,,,,,1899.24
2316,24109.84,,,,,,,1899.08
2317,24109.8,,,,,,,1899.17
2318,24109.8,,,,,,,1899.08
2319,24109.8,,,,,,,1899.17
2320,24109.71,,,,,,,1899.17
2321,24109.73,,,,,,,1899.08
2322,24109.73,,,,,,,1899.09
2323,24109.74,,,,,,,1899.09
2324,24109.76,,,,,,,1899.11
2325,24109.8,,,,,,,1899.11
2326,24111.13,,,,,,,1899.11
2327,24111.16,,,,,,,1898.92
2328,24111.16,,,,,,,1898.91
2329,24111.18,,,,,,,1899.2
2330,24111.75,,,,,,,1899.2
2331,24111.79,,,,,,,1899.28
2332,24109.71,,,,,,,1899.28
2333,24111.08,,,,,,,1899.29
2334,24111.11,,,,,,,1899.29
2335,24112.37,,,,,,,1899.29
2336,24112.48,,,,,,,1899.3
2337,24112.54,,,,,,,1899.33
2338,24112.6,,,,,,,1899.25
2339,24112.8,,,,,,,1899.13
2340,24113,,,,,,,1899.13
2341,24112.45,,,,,,,1899.13
2342,24113.36,,,,,,,1899.12
2343,24113.37,,,,,,,1899.12
2344,24111.34,,,,,,,1899.11
2345,24111.34,,,,,,,1899.1
2346,24111.32,,,,,,,1899.19
2347,24111.48,,,,,,,1899.19
2348,24111.4,,,,,,,1899.12
2349,24111.54,,,,,,,1899.11
2350,24114.09,,,,,,,1899.1
2351,24114.15,,,,,,,1899.13
2352,24112.15,,,,,,,1899.01
2353,24114.66,,,,,,,1899.25
2354,24114.86,,,,,,,1899.26
2355,24115.03,,,,,,,1899.21
2356,24114.85,,,,,,,1899.23
2357,24115.08,,,,,,,1899.24
2358,24115.03,,,,,,,1899.24
2359,24115.19,,,,,,,1899.08
2360,24115.24,,,,,,,1899.08
2361,24115.2,,,,,,,1899.08
2362,24115.2,,,,,,,1899.24
2363,24115.2,,,,,,,1899.25
2364,24115.21,,,,,,,1899.24
2365,24115.21,,,,,,,1899.23
2366,24116.62,,,,,,,1899.14
2367,24116.63,,,,,,,1899.15
2368,24116.62,,,,,,,1899.15
2369,24118.47,,,,,,,1899.14
2370,24118.15,,,,,,,1899.14
2371,24117.4,,,,,,,1899.1
2372,24117.4,,,,,,,1899.17
2373,24117.4,,,,,,,1899.1
2374,24118.03,,,,,,,1899.19
2375,24118.67,,,,,,,1899.17
2376,24119.72,,,,,,,1899.16
2377,24119.72,,,,,,,1899.17
2378,24119.72,,,,,,,1899.08
2379,24117.4,,,,,,,1899.11
2380,24117.31,,,,,,,1899.1
2381,24117.31,,,,,,,1899.08
2382,24117.28,,,,,,,1899.18
2383,24117.22,,,,,,,1899.08
2384,24118.54,,,,,,,1899.07
2385,24118.38,,,,,,,1899.08
2386,24116.32,,,,,,,1899.07
2387,24119.03,,,,,,,1899.07
2388,24116.46,,,,,,,1899.12
2389,24116.64,,,,,,,1899.12
2390,24116.84,,,,,,,1899.12
2391,24116.84,,,,,,,1899.12
2392,24116.85,,,,,,,1899.13
2393,24116.85,,,,,,,1899.12
2394,24116.81,,,,,,,1899.12
2395,24119.01,,,,,,,1899.13
2396,24116.87,,,,,,,1899.26
2397,24116.89,,,,,,,1899.29
2398,24117.22,,,,,,,1899.28
2399,24117.22,,,,,,,1899.3
2400,24118.43,,,,,,,1899.31
2401,24118.78,,,,,,,1899.31
2402,24118.79,,,,,,,1899.29
2403,24116.89,,,,,,,1899.29
2404,24116.89,,,,,,,1899.3
2405,24116.46,,,,,,,1899.5
2406,24116.9,,,,,,,1899.35
2407,24116.46,,,,,,,1899.5
2408,24115.78,,,,,,,1899.63
2409,24115.77,,,,,,,1899.63
2410,24115.02,,,,,,,1899.47
2411,24115.02,,,,,,,1899.33
2412,24115.01,,,,,,,1899.32
2413,24115.02,,,,,,,1899.32
2414,24115.01,,,,,,,1899.31
2415,24115.03,,,,,,,1899.05
2416,24115.03,,,,,,,1898.98
2417,24115.03,,,,,,,1898.84
2418,24115.02,,,,,,,1898.79
2419,24116.03,,,,,,,1898.91
2420,24115.02,,,,,,,1898.91
2421,24113,,,,,,,1898.97
2422,24113.01,,,,,,,1899.02
2423,24115.02,,,,,,,1899.04
2424,24115.67,,,,,,,1899.04
2425,24115.68,,,,,,,1899.04
2426,24115.67,,,,,,,1899.04
2427,24117.93,,,,,,,1899.04
2428,24117.96,,,,,,,1899.02
2429,24117.98,,,,,,,1899.03
2430,24115.81,,,,,,,1899.1
2431,24120.82,,,,,,,1899.12
2432,24120.95,,,,,,,1899.12
2433,24121.25,,,,,,,1899.14
2434,24120.97,,,,,,,1899.13
2435,24120.91,,,,,,,1898.96
2436,24120.83,,,,,,,1898.93
2437,24120.93,,,,,,,1898.93
2438,24120.83,,,,,,,1898.93
2439,24120.72,,,,,,,1898.9
2440,24120.7,,,,,,,1898.89
2441,24120.65,,,,,,,1898.87
2442,24120.58,,,,,,,1898.96
2443,24120.86,,,,,,,1898.76
2444,24120.86,,,,,,,1898.76
2445,24120.58,,,,,,,1898.76
2446,24120.54,,,,,,,1898.76
2447,24120.54,,,,,,,1898.75
2448,24122.07,,,,,,,1898.74
2449,24122.07,,,,,,,1898.69
2450,24122.07,,,,,,,1898.68
2451,24122.07,,,,,,,1898.9
2452,24122.07,,,,,,,1898.9
2453,24122.07,,,,,,,1898.72
2454,24122.07,,,,,,,1898.69
2455,24124.42,,,,,,,1898.69
2456,24124.24,,,,,,,1898.68
2457,24121.16,,,,,,,1898.67
2458,24121.16,,,,,,,1898.73
2459,24121.11,,,,,,,1898.72
2460,24121.11,,,,,,,1898.7
2461,24121.12,,,,,,,1898.67
2462,24120.81,,,,,,,1898.86
2463,24120.81,,,,,,,1898.67
2464,24120.81,,,,,,,1898.79
2465,24120.81,,,,,,,1898.81
2466,24121.68,,,,,,,1898.82
2467,24121.69,,,,,,,1898.93
2468,24121.7,,,,,,,1898.77
2469,24121.13,,,,,,,1898.72
2470,24121.14,,,,,,,1898.69
2471,24120.82,,,,,,,1898.68
2472,24120.82,,,,,,,1898.68
2473,24122.68,,,,,,,1898.68
2474,24122.67,,,,,,,1898.67
2475,24122.68,,,,,,,1898.73
2476,24122.73,,,,,,,1898.73
2477,24121.01,,,,,,,1898.74
2478,24121.12,,,,,,,1898.94
2479,24121.12,,,,,,,1898.83
2480,24120.82,,,,,,,1898.86
2481,24120.81,,,,,,,1898.86
2482,24120.81,,,,,,,1898.65
2483,24121.31,,,,,,,1898.65
2484,24122.07,,,,,,,1898.82
2485,24123.47,,,,,,,1898.82
2486,24123.41,,,,,,,1898.83
2487,24123.4,,,,,,,1898.84
2488,24123.41,,,,,,,1898.85
2489,24123.47,,,,,,,1898.81
2490,24123.4,,,,,,,1898.68
2491,24123.68,,,,,,,1898.67
2492,24123.68,,,,,,,1898.68
2493,24123.46,,,,,,,1898.65
2494,24123.6,,,,,,,1898.8
2495,24123.6,,,,,,,1898.8
2496,24123.59,,,,,,,1898.8
2497,24123.59,,,,,,,1898.97
2498,24123.6,,,,,,,1898.95
2499,24123.89,,,,,,,1898.9
2500,24123.89,,,,,,,1898.96
2501,24124.77,,,,,,,1898.96
2502,24124.77,,,,,,,1898.95
2503,24125.38,,,,,,,1899.04
2504,24125.37,,,,,,,1899.03
2505,24125.37,,,,,,,1899.03
2506,24125.38,,,,,,,1899.03
2507,24125.37,,,,,,,1899.19
2508,24123.61,,,,,,,1899.19
2509,24122.15,,,,,,,1899.19
2510,24122.16,,,,,,,1899.3
2511,24122.75,,,,,,,1899.31
2512,24122.6,,,,,,,1899.31
2513,24122.16,,,,,,,1899.41
2514,24120.84,,,,,,,1899.42
2515,24120.84,,,,,,,1899.45
2516,24120.84,,,,,,,1899.45
2517,24120.81,,,,,,,1899.46
2518,24120.81,,,,,,,1899.46
2519,24120.85,,,,,,,1899.5
2520,24120.82,,,,,,,1899.52
2521,24120.82,,,,,,,1899.44
2522,24120.82,,,,,,,1899.49
2523,24120.82,,,,,,,1899.45
2524,24120.82,,,,,,,1899.38
2525,24120.82,,,,,,,1899.31
2526,24120.82,,,,,,,1899.45
2527,24120.81,,,,,,,1899.54
2528,24120.81,,,,,,,1899.54
2529,24120.81,,,,,,,1899.54
2530,24120.83,,,,,,,1899.54
2531,24120.83,,,,,,,1899.52
2532,24120.81,,,,,,,1899.51
2533,24120.19,,,,,,,1899.51
2534,24118.96,,,,,,,1899.51
2535,24118.96,,,,,,,1899.56
2536,24118.96,,,,,,,1899.55
2537,24120,,,,,,,1899.54
2538,24119.99,,,,,,,1899.51
2539,24119.99,,,,,,,1899.5
2540,24120,,,,,,,1899.5
2541,24120.29,,,,,,,1899.49
2542,24120.28,,,,,,,1899.49
2543,24118.81,,,,,,,1899.49
2544,24120.1,,,,,,,1899.49
2545,24123.11,,,,,,,1899.49
2546,24120.22,,,,,,,1899.49
2547,24120.14,,,,,,,1899.49
2548,24120.14,,,,,,,1899.48
2549,24118.41,,,,,,,1899.48
2550,24121.58,,,,,,,1899.55
2551,24120.68,,,,,,,1899.48
2552,24120.64,,,,,,,1899.48
2553,24120.67,,,,,,,1899.45
2554,24120.68,,,,,,,1899.44
2555,24120.53,,,,,,,1899.44
2556,24120.52,,,,,,,1899.39
2557,24120.52,,,,,,,1899.35
2558,24120.52,,,,,,,1899.49
2559,24120.51,,,,,,,1899.36
2560,24120.51,,,,,,,1899.32
2561,24120.51,,,,,,,1899.37
2562,24116.31,,,,,,,1899.35
2563,24116.31,,,,,,,1899.11
2564,24116.3,,,,,,,1899.48
2565,24119.32,,,,,,,1899.48
2566,24116.3,,,,,,,1899.47
2567,24116.27,,,,,,,1899.48
2568,24116.31,,,,,,,1899.57
2569,24115.82,,,,,,,1899.59
2570,24115.83,,,,,,,1899.6
2571,24116.3,,,,,,,1899.6
2572,24117.01,,,,,,,1899.57
2573,24116.96,,,,,,,1898.88
2574,24116.96,,,,,,,1898.77
2575,24116.96,,,,,,,1898.77
2576,24116.99,,,,,,,1898.73
2577,24119.09,,,,,,,1898.65
2578,24119.09,,,,,,,1898.64
2579,24119.05,,,,,,,1898.68
2580,24119.1,,,,,,,1898.68
2581,24118.98,,,,,,,1898.69
2582,24118.73,,,,,,,1898.69
2583,24118.75,,,,,,,1898.69
2584,24115.03,,,,,,,1898.69
2585,24117.04,,,,,,,1898.75
2586,24117.06,,,,,,,1898.75
2587,24117.07,,,,,,,1898.75
2588,24117.07,,,,,,,1898.75
2589,24117.06,,,,,,,1898.74
2590,24115.02,,,,,,,1898.75
2591,24114.04,,,,,,,1898.75
2592,24112.19,,,,,,,1898.78
2593,24112.17,,,,,,,1898.81
2594,24112.19,,,,,,,1898.81
2595,24112.19,,,,,,,1898.7
2596,24112.2,,,,,,,1898.7
2597,24113.9,,,,,,,1898.7
2598,24113.91,,,,,,,1898.74
2599,24113.91,,,,,,,1898.74
2600,24113.92,,,,,,,1898.73
2601,24113.93,,,,,,,1898.8
2602,24115.36,,,,,,,1898.66
2603,24115.49,,,,,,,1898.65
2604,24115.57,,,,,,,1898.64
2605,24115.62,,,,,,,1898.67
2606,24115.64,,,,,,,1898.64
2607,24115.68,,,,,,,1898.64
2608,24115.78,,,,,,,1898.65
2609,24115.86,,,,,,,1898.65
2610,24115.42,,,,,,,1898.63
2611,24115.42,,,,,,,1898.65
2612,24112.23,,,,,,,1898.65
2613,24112.52,,,,,,,1898.53
2614,24112.51,,,,,,,1898.68
2615,24112.51,,,,,,,1898.69
2616,24112.48,,,,,,,1898.69
2617,24112.48,,,,,,,1898.7
2618,24112.63,,,,,,,1898.72
2619,24116.01,,,,,,,1898.7
2620,24116.01,,,,,,,1898.72
2621,24116.04,,,,,,,1898.57
2622,24113.8,,,,,,,1898.71
2623,24113.78,,,,,,,1898.46
2624,24113.77,,,,,,,1898.39
2625,24113.77,,,,,,,1898.48
2626,24113.77,,,,,,,1898.48
2627,24113.58,,,,,,,1898.48
2628,24113.57,,,,,,,1898.45
2629,24113.46,,,,,,,1898.47
2630,24113.58,,,,,,,1898.47
2631,24111.87,,,,,,,1898.47
2632,24115.18,,,,,,,1898.47
2633,24115.18,,,,,,,1898.47
2634,24115.18,,,,,,,1898.57
2635,24115.18,,,,,,,1898.6
2636,24115.19,,,,,,,1898.63
2637,24116.96,,,,,,,1898.7
2638,24116.96,,,,,,,1898.49
2639,24114.22,,,,,,,1898.84
2640,24114.55,,,,,,,1898.84
2641,24115.06,,,,,,,1898.84
2642,24112.41,,,,,,,1899
2643,24116.3,,,,,,,1898.99
2644,24116.14,,,,,,,1898.73
2645,24116.09,,,,,,,1898.94
2646,24116.12,,,,,,,1898.95
2647,24117.06,,,,,,,1898.99
2648,24116.48,,,,,,,1898.99
2649,24117.06,,,,,,,1899.13
2650,24119.11,,,,,,,1899.24
2651,24119.27,,,,,,,1899.24
2652,24115.64,,,,,,,1899.24
2653,24112.53,,,,,,,1899.08
2654,24112.24,,,,,,,1899.07
2655,24112.24,,,,,,,1899.07
2656,24110.37,,,,,,,1899.35
2657,24109.62,,,,,,,1899.34
2658,24108.49,,,,,,,1899.35
2659,24108.4,,,,,,,1899.16
2660,24109.35,,,,,,,1899.13
2661,24109.39,,,,,,,1899.05
2662,24108.41,,,,,,,1898.83
2663,24108.81,,,,,,,1899.11
2664,24108.81,,,,,,,1899
2665,24108.81,,,,,,,1898.99
2666,24108.88,,,,,,,1898.99
2667,24109.26,,,,,,,1898.99
2668,24108.5,,,,,,,1899
2669,24108.5,,,,,,,1898.99
2670,24108.65,,,,,,,1899.18
2671,24108.73,,,,,,,1899.14
2672,24109.91,,,,,,,1899.24
2673,24109.96,,,,,,,1899.4
2674,24110.11,,,,,,,1899.4
2675,24110.22,,,,,,,1899.4
2676,24110.24,,,,,,,1899.28
2677,24110.38,,,,,,,1899.28
2678,24110.38,,,,,,,1899.15
2679,24108.69,,,,,,,1899.11
2680,24110.17,,,,,,,1899.11
2681,24110.55,,,,,,,1899.14
2682,24110.57,,,,,,,1899.1
2683,24110.61,,,,,,,1899.1
2684,24110.61,,,,,,,1899.1
2685,24109.32,,,,,,,1898.9
2686,24110.07,,,,,,,1899.2
2687,24108.73,,,,,,,1899.3
2688,24108.73,,,,,,,1899.16
2689,24108.73,,,,,,,1899.16
2690,24108.73,,,,,,,1899.16
2691,24108.49,,,,,,,1899.17
2692,24108.4,,,,,,,1899.17
2693,24108.4,,,,,,,1899.17
2694,24108.39,,,,,,,1899.17
2695,24108.39,,,,,,,1899.16
2696,24108.73,,,,,,,1899.16
2697,24108.73,,,,,,,1899.16
2698,24108.39,,,,,,,1899.16
2699,24108.39,,,,,,,1899.16
2700,24108.39,,,,,,,1899.1
2701,24108.39,,,,,,,1899.1
2702,24108.39,,,,,,,1898.97
2703,24108.39,,,,,,,1898.81
2704,24108.4,,,,,,,1898.82
2705,24108.4,,,,,,,1898.75
2706,24108.4,,,,,,,1898.75
2707,24108.4,,,,,,,1898.72
2708,24108.39,,,,,,,1898.72
2709,24108.39,,,,,,,1898.75
2710,24108.39,,,,,,,1898.74
2711,24108.39,,,,,,,1898.73
2712,24108.39,,,,,,,1898.7
2713,24108.39,,,,,,,1898.71
2714,24108.39,,,,,,,1898.72
2715,24108.39,,,,,,,1898.7
2716,24108.39,,,,,,,1898.59
2717,24108.39,,,,,,,1898.59
2718,24108.39,,,,,,,1898.59
2719,24108.39,,,,,,,1898.51
2720,24108.66,,,,,,,1898.54
2721,24108.66,,,,,,,1898.74
2722,24108.39,,,,,,,1898.74
2723,24108.39,,,,,,,1898.74
2724,24108.39,,,,,,,1898.92
2725,24108.42,,,,,,,1898.93
2726,24108.39,,,,,,,1898.95
2727,24108.39,,,,,,,1898.96
2728,24108.39,,,,,,,1898.97
2729,24108.39,,,,,,,1898.67
2730,24108.66,,,,,,,1898.7
2731,24108.65,,,,,,,1898.7
2732,24108.56,,,,,,,1898.77
2733,24108.39,,,,,,,1898.74
2734,24108.39,,,,,,,1898.69
2735,24108.56,,,,,,,1898.56
2736,24109.11,,,,,,,1898.47
2737,24109.09,,,,,,,1898.83
2738,24109.08,,,,,,,1898.86
2739,24109,,,,,,,1898.61
2740,24108.92,,,,,,,1898.61
2741,24108.9,,,,,,,1898.79
2742,24108.82,,,,,,,1898.79
2743,24108.78,,,,,,,1898.73
2744,24108.61,,,,,,,1898.83
2745,24108.39,,,,,,,1898.8
2746,24106.61,,,,,,,1898.89
2747,24106.6,,,,,,,1898.89
2748,24106.54,,,,,,,1898.65
2749,24106.41,,,,,,,1898.65
2750,24106.35,,,,,,,1898.59
2751,24110.87,,,,,,,1898.58
2752,24111.85,,,,,,,1898.86
2753,24111.87,,,,,,,1898.78
2754,24111.88,,,,,,,1898.78
2755,24113.21,,,,,,,1898.61
2756,24113.23,,,,,,,1898.75
2757,24113.2,,,,,,,1898.78
2758,24113.22,,,,,,,1898.65
2759,24114.88,,,,,,,1898.86
2760,24115.82,,,,,,,1898.87
2761,24116.25,,,,,,,1898.84
2762,24116.89,,,,,,,1898.64
2763,24113.87,,,,,,,1898.69
2764,24113.22,,,,,,,1898.69
2765,24113.2,,,,,,,1898.69
2766,24112.36,,,,,,,1898.68
2767,24112.23,,,,,,,1898.57
2768,24116.89,,,,,,,1898.64
2769,24114.04,,,,,,,1898.57
2770,24113.95,,,,,,,1898.9
2771,24113.85,,,,,,,1898.76
2772,24113.82,,,,,,,1898.86
2773,24113.8,,,,,,,1898.79
2774,24114.07,,,,,,,1898.79
2775,24114.04,,,,,,,1898.89
2776,24113.47,,,,,,,1898.81
2777,24117.17,,,,,,,1898.81
2778,24117.17,,,,,,,1898.81
2779,24117.17,,,,,,,1898.81
2780,24118.11,,,,,,,1898.84
2781,24115.08,,,,,,,1898.85
2782,24115.08,,,,,,,1899.05
2783,24113.55,,,,,,,1898.96
2784,24113.35,,,,,,,1899.03
2785,24112.78,,,,,,,1899.04
2786,24111.87,,,,,,,1899.07
2787,24109.11,,,,,,,1898.99
2788,24108.9,,,,,,,1898.95
2789,24108.5,,,,,,,1898.94
2790,24107.53,,,,,,,1898.95
2791,24107.41,,,,,,,1899.01
2792,24108.19,,,,,,,1899
2793,24108.19,,,,,,,1899
2794,24107.24,,,,,,,1899.02
2795,24108.19,,,,,,,1899.02
2796,24108.19,,,,,,,1899.07
2797,24108.57,,,,,,,1899.07
2798,24108.58,,,,,,,1899.18
2799,24108.63,,,,,,,1899.17
2800,24108.63,,,,,,,1899.16
2801,24108.68,,,,,,,
2802,24108.87,,,,,,,
2803,24108.97,,,,,,,
2804,24109.01,,,,,,,
2805,24109.04,,,,,,,
2806,24109.06,,,,,,,
2807,24106.76,,,,,,,
2808,24108.18,,,,,,,
2809,24107.13,,,,,,,
2810,24108.16,,,,,,,
2811,24107.11,,,,,,,
2812,24107.11,,,,,,,
2813,24107.11,,,,,,,
2814,24108.08,,,,,,,
2815,24108.09,,,,,,,
2816,24104.81,,,,,,,
2817,24104.07,,,,,,,
2818,24105.09,,,,,,,
2819,24105.09,,,,,,,
2820,24102.22,,,,,,,
2821,24104.17,,,,,,,
2822,24104.13,,,,,,,
2823,24104.13,,,,,,,
2824,24104.13,,,,,,,
2825,24101.61,,,,,,,
2826,24104.08,,,,,,,
2827,24102.24,,,,,,,
2828,24106.32,,,,,,,
2829,24106.31,,,,,,,
2830,24106.54,,,,,,,
2831,24107.06,,,,,,,
2832,24107.05,,,,,,,
2833,24107.91,,,,,,,
2834,24107.91,,,,,,,
2835,24107.91,,,,,,,
2836,24108.08,,,,,,,
2837,24108.01,,,,,,,
2838,24107.59,,,,,,,
2839,24107.6,,,,,,,
2840,24109.63,,,,,,,
2841,24109.6,,,,,,,
2842,24109.6,,,,,,,
2843,24108.45,,,,,,,
2844,24110.67,,,,,,,
2845,24111.04,,,,,,,
2846,24110.46,,,,,,,
2847,24110.41,,,,,,,
2848,24110.34,,,,,,,
2849,24110.29,,,,,,,
2850,24113.14,,,,,,,
2851,24113.13,,,,,,,
2852,24113.13,,,,,,,
2853,24113.15,,,,,,,
2854,24113.16,,,,,,,
2855,24113.16,,,,,,,
2856,24115.89,,,,,,,
2857,24115.9,,,,,,,
2858,24113.88,,,,,,,
2859,24113.87,,,,,,,
2860,24110.57,,,,,,,
2861,24112.69,,,,,,,
2862,24112.72,,,,,,,
2863,24112.73,,,,,,,
2864,24109.43,,,,,,,
2865,24109.43,,,,,,,
2866,24109.16,,,,,,,
2867,24113.6,,,,,,,
2868,24113.6,,,,,,,
2869,24115.41,,,,,,,
2870,24116.06,,,,,,,
2871,24116.44,,,,,,,
2872,24116.25,,,,,,,
2873,24116.05,,,,,,,
2874,24116.25,,,,,,,
2875,24116.25,,,,,,,
2876,24116.26,,,,,,,
2877,24116.25,,,,,,,
2878,24116.28,,,,,,,
2879,24116.26,,,,,,,
2880,24116.25,,,,,,,
2881,24116.25,,,,,,,
2882,24116.26,,,,,,,
2883,24114.7,,,,,,,
2884,24113.61,,,,,,,
2885,24115.47,,,,,,,
2886,24115.47,,,,,,,
2887,24115.47,,,,,,,
2888,24116.26,,,,,,,
2889,24116.27,,,,,,,
2890,24116.25,,,,,,,
2891,24116.26,,,,,,,
2892,24117.45,,,,,,,
2893,24116.74,,,,,,,
2894,24115.43,,,,,,,
2895,24116.54,,,,,,,
2896,24113.45,,,,,,,
2897,24113.46,,,,,,,
2898,24115.2,,,,,,,
2899,24115.25,,,,,,,
2900,24115.33,,,,,,,
2901,24115.33,,,,,,,
2902,24116.32,,,,,,,
2903,24116.32,,,,,,,
2904,24116.45,,,,,,,
2905,24116.45,,,,,,,
2906,24116.49,,,,,,,
2907,24116.5,,,,,,,
2908,24116.52,,,,,,,
2909,24113.35,,,,,,,
2910,24112.1,,,,,,,
2911,24112.1,,,,,,,
2912,24111.7,,,,,,,
2913,24110.51,,,,,,,
2914,24110.43,,,,,,,
2915,24110.41,,,,,,,
2916,24110.41,,,,,,,
2917,24110.41,,,,,,,
2918,24110.41,,,,,,,
2919,24110.41,,,,,,,
2920,24109.68,,,,,,,
2921,24109.74,,,,,,,
2922,24109.75,,,,,,,
2923,24112.36,,,,,,,
2924,24111.06,,,,,,,
2925,24111.06,,,,,,,
2926,24111.06,,,,,,,
2927,24112.13,,,,,,,
2928,24111.83,,,,,,,
2929,24111.57,,,,,,,
2930,24111.46,,,,,,,
2931,24108.98,,,,,,,
2932,24111.46,,,,,,,
2933,24111.46,,,,,,,
2934,24111.46,,,,,,,
2935,24109.79,,,,,,,
2936,24109.78,,,,,,,
2937,24109.75,,,,,,,
2938,24109.41,,,,,,,
2939,24109.3,,,,,,,
2940,24109.28,,,,,,,
2941,24109.21,,,,,,,
2942,24109.21,,,,,,,
2943,24109.17,,,,,,,
2944,24112.96,,,,,,,
2945,24112.96,,,,,,,
2946,24113.03,,,,,,,
2947,24113.04,,,,,,,
2948,24111.46,,,,,,,
2949,24111.45,,,,,,,
2950,24112.78,,,,,,,
2951,24112.79,,,,,,,
2952,24112.16,,,,,,,
2953,24112.16,,,,,,,
2954,24112.16,,,,,,,
2955,24112.88,,,,,,,
2956,24113.04,,,,,,,
2957,24112.6,,,,,,,
2958,24109.11,,,,,,,
2959,24112.57,,,,,,,
2960,24112.78,,,,,,,
2961,24112.78,,,,,,,
2962,24115.72,,,,,,,
2963,24114.01,,,,,,,
2964,24113.89,,,,,,,
2965,24113.88,,,,,,,
2966,24114.01,,,,,,,
2967,24114.04,,,,,,,
2968,24114.01,,,,,,,
2969,24113.52,,,,,,,
2970,24113.52,,,,,,,
2971,24113.51,,,,,,,
2972,24114.36,,,,,,,
2973,24112.86,,,,,,,
2974,24116.01,,,,,,,
2975,24116.01,,,,,,,
2976,24116.04,,,,,,,
2977,24116.02,,,,,,,
2978,24114.17,,,,,,,
2979,24114.16,,,,,,,
2980,24114.16,,,,,,,
2981,24114.16,,,,,,,
2982,24114.14,,,,,,,
2983,24114.14,,,,,,,
2984,24113.98,,,,,,,
2985,24114.11,,,,,,,
2986,24112.34,,,,,,,
2987,24112.34,,,,,,,
2988,24112.31,,,,,,,
2989,24112.31,,,,,,,
2990,24112.35,,,,,,,
2991,24112.32,,,,,,,
2992,24112.22,,,,,,,
2993,24113.5,,,,,,,
2994,24114.29,,,,,,,
2995,24111.29,,,,,,,
2996,24111.28,,,,,,,
2997,24118.1,,,,,,,
2998,24118.06,,,,,,,
2999,24118.03,,,,,,,
3000,24114.01,,,,,,,
3001,24114,,,,,,,
3002,24116,,,,,,,
3003,24116,,,,,,,
3004,24116.04,,,,,,,
3005,24116.04,,,,,,,
3006,24115.99,,,,,,,
